level;item_number
цхоянйюпрнм;01_0153543
цхоянйюпрнм;02_0010218
цхоянйюпрнм;02_0117777
цхоянйюпрнм;02_0117997
цхоянйюпрнм;02_0119713
цхоянйюпрнм;02_0120827
цхоянйюпрнм;02_0120926
цхоянйюпрнм;02_0121091
цхоянйюпрнм;02_0126651
цхоянйюпрнм;02_0128412
цхоянйюпрнм;02_0130318
цхоянйюпрнм;02_0178131
цхоянйюпрнм;02_0178594
цхоянйюпрнм;02_0188796
цхоянйюпрнм;02_0199331
цхоянйюпрнм;02_0206311
цхоянйюпрнм;02_0207371
цхоянйюпрнм;02_0207372
цхоянйюпрнм;02_0207373
цхоянйюпрнм;02_0217141
цхоянйюпрнм;02_0217142
цхоянйюпрнм;02_0217143
цхоянйюпрнм;02_0217144
цхоянйюпрнм;02_0217145
цхоянйюпрнм;02_0217146
цхоянйюпрнм;02_0217147
цхоянйюпрнм;02_0217148
цхоянйюпрнм;02_0217149
цхоянйюпрнм;02_0217209
цхоянйюпрнм;02_0217966
цхоянйюпрнм;02_0217967
цхоянйюпрнм;02_0228677
цхоянйюпрнм;02_0229892
цхоянйюпрнм;02_0229893
цхоянйюпрнм;02_0229894
цхоянйюпрнм;02_0229895
цхоянйюпрнм;02_0236625
цхоянйюпрнм;02_0236626
цхоянйюпрнм;02_0236627
цхоянйюпрнм;02_0236629
цхоянйюпрнм;02_0236630
цхоянйюпрнм;02_0237651
цхоянйюпрнм;02_0237874
цхоянйюпрнм;02_0237875
цхоянйюпрнм;02_0237876
цхоянйюпрнм;02_0237877
цхоянйюпрнм;02_0238910
цхоянйюпрнм;02_0239123
цхоянйюпрнм;02_0239124
цхоянйюпрнм;02_0239125
цхоянйюпрнм;02_0239126
цхоянйюпрнм;02_0239280
цхоянйюпрнм;02_0239643
цхоянйюпрнм;02_0240287
цхоянйюпрнм;02_0242535
цхоянйюпрнм;02_0246187
цхоянйюпрнм;02_0249069
цхоянйюпрнм;02_0250587
цхоянйюпрнм;02_0251255
цхоянйюпрнм;02_0251629
цхоянйюпрнм;02_0251630
цхоянйюпрнм;02_0251776
цхоянйюпрнм;02_0253280
цхоянйюпрнм;02_0253595
цхоянйюпрнм;02_0253941
цхоянйюпрнм;02_0269255
цхоянйюпрнм;02_0276022
цхоянйюпрнм;02_0276023
цхоянйюпрнм;02_0276024
цхоянйюпрнм;02_0276273
цхоянйюпрнм;02_0276359
цхоянйюпрнм;02_0280625
цхоянйюпрнм;02_0280626
цхоянйюпрнм;02_0280627
цхоянйюпрнм;02_0280628
цхоянйюпрнм;02_0280629
цхоянйюпрнм;02_0280630
цхоянйюпрнм;02_0280631
цхоянйюпрнм;02_0280632
цхоянйюпрнм;02_0280633
цхоянйюпрнм;02_0280635
цхоянйюпрнм;02_0280636
цхоянйюпрнм;02_0280637
цхоянйюпрнм;02_0280643
цхоянйюпрнм;02_0280644
цхоянйюпрнм;02_0288397
цхоянйюпрнм;02_0288398
цхоянйюпрнм;02_0288399
цхоянйюпрнм;02_0288400
цхоянйюпрнм;02_0288689
цхоянйюпрнм;02_0288691
цхоянйюпрнм;02_0291126
цхоянйюпрнм;02_0291213
цхоянйюпрнм;02_0291214
цхоянйюпрнм;02_0291215
цхоянйюпрнм;02_0296211
цхоянйюпрнм;02_0296212
цхоянйюпрнм;02_0296644
цхоянйюпрнм;02_0302096
цхоянйюпрнм;02_0303461
цхоянйюпрнм;02_0303462
цхоянйюпрнм;02_0307506
цхоянйюпрнм;02_0309156
цхоянйюпрнм;02_0312369
цхоянйюпрнм;02_0312370
цхоянйюпрнм;02_0313494
цхоянйюпрнм;02_0313495
цхоянйюпрнм;02_0313496
цхоянйюпрнм;02_0317439
цхоянйюпрнм;02_0317440
цхоянйюпрнм;02_0317441
цхоянйюпрнм;02_0317442
цхоянйюпрнм;02_0319727
цхоянйюпрнм;02_0319728
цхоянйюпрнм;02_0319729
цхоянйюпрнм;02_0319730
кхярнбше люрепхюкш;01_0100066
кхярнбше люрепхюкш;02_0010077
кхярнбше люрепхюкш;02_0010086
кхярнбше люрепхюкш;02_0110176
кхярнбше люрепхюкш;02_0110208
кхярнбше люрепхюкш;02_0111638
кхярнбше люрепхюкш;02_0111693
кхярнбше люрепхюкш;02_0111732
кхярнбше люрепхюкш;02_0111733
кхярнбше люрепхюкш;02_0111734
кхярнбше люрепхюкш;02_0111776
кхярнбше люрепхюкш;02_0112159
кхярнбше люрепхюкш;02_0112281
кхярнбше люрепхюкш;02_0112844
кхярнбше люрепхюкш;02_0112906
кхярнбше люрепхюкш;02_0113062
кхярнбше люрепхюкш;02_0113063
кхярнбше люрепхюкш;02_0113300
кхярнбше люрепхюкш;02_0113325
кхярнбше люрепхюкш;02_0113673
кхярнбше люрепхюкш;02_0113674
кхярнбше люрепхюкш;02_0113779
кхярнбше люрепхюкш;02_0114019
кхярнбше люрепхюкш;02_0114238
кхярнбше люрепхюкш;02_0114428
кхярнбше люрепхюкш;02_0114452
кхярнбше люрепхюкш;02_0114548
кхярнбше люрепхюкш;02_0114562
кхярнбше люрепхюкш;02_0114680
кхярнбше люрепхюкш;02_0114805
кхярнбше люрепхюкш;02_0114806
кхярнбше люрепхюкш;02_0114808
кхярнбше люрепхюкш;02_0115230
кхярнбше люрепхюкш;02_0116007
кхярнбше люрепхюкш;02_0116130
кхярнбше люрепхюкш;02_0116131
кхярнбше люрепхюкш;02_0116151
кхярнбше люрепхюкш;02_0116157
кхярнбше люрепхюкш;02_0116158
кхярнбше люрепхюкш;02_0116252
кхярнбше люрепхюкш;02_0117811
кхярнбше люрепхюкш;02_0118884
кхярнбше люрепхюкш;02_0126600
кхярнбше люрепхюкш;02_0142417
кхярнбше люрепхюкш;02_0142418
кхярнбше люрепхюкш;02_0142452
кхярнбше люрепхюкш;02_0142964
кхярнбше люрепхюкш;02_0143020
кхярнбше люрепхюкш;02_0143206
кхярнбше люрепхюкш;02_0143797
кхярнбше люрепхюкш;02_0143798
кхярнбше люрепхюкш;02_0143799
кхярнбше люрепхюкш;02_0145735
кхярнбше люрепхюкш;02_0145737
кхярнбше люрепхюкш;02_0152187
кхярнбше люрепхюкш;02_0153369
кхярнбше люрепхюкш;02_0154457
кхярнбше люрепхюкш;02_0172057
кхярнбше люрепхюкш;02_0172059
кхярнбше люрепхюкш;02_0173999
кхярнбше люрепхюкш;02_0178349
кхярнбше люрепхюкш;02_0180826
кхярнбше люрепхюкш;02_0185755
кхярнбше люрепхюкш;02_0198811
кхярнбше люрепхюкш;02_0199640
кхярнбше люрепхюкш;02_0199641
кхярнбше люрепхюкш;02_0199642
кхярнбше люрепхюкш;02_0200738
кхярнбше люрепхюкш;02_0200740
кхярнбше люрепхюкш;02_0207457
кхярнбше люрепхюкш;02_0209288
кхярнбше люрепхюкш;02_0209958
кхярнбше люрепхюкш;02_0210115
кхярнбше люрепхюкш;02_0211007
кхярнбше люрепхюкш;02_0215946
кхярнбше люрепхюкш;02_0217093
кхярнбше люрепхюкш;02_0217094
кхярнбше люрепхюкш;02_0217095
кхярнбше люрепхюкш;02_0219482
кхярнбше люрепхюкш;02_0219644
кхярнбше люрепхюкш;02_0220823
кхярнбше люрепхюкш;02_0221891
кхярнбше люрепхюкш;02_0221892
кхярнбше люрепхюкш;02_0221893
кхярнбше люрепхюкш;02_0222954
кхярнбше люрепхюкш;02_0225164
кхярнбше люрепхюкш;02_0225165
кхярнбше люрепхюкш;02_0225166
кхярнбше люрепхюкш;02_0228037
кхярнбше люрепхюкш;02_0228817
кхярнбше люрепхюкш;02_0231053
кхярнбше люрепхюкш;02_0232237
кхярнбше люрепхюкш;02_0232238
кхярнбше люрепхюкш;02_0232239
кхярнбше люрепхюкш;02_0232512
кхярнбше люрепхюкш;02_0234207
кхярнбше люрепхюкш;02_0234208
кхярнбше люрепхюкш;02_0235222
кхярнбше люрепхюкш;02_0235568
кхярнбше люрепхюкш;02_0236193
кхярнбше люрепхюкш;02_0236640
кхярнбше люрепхюкш;02_0238853
кхярнбше люрепхюкш;02_0238854
кхярнбше люрепхюкш;02_0238855
кхярнбше люрепхюкш;02_0238867
кхярнбше люрепхюкш;02_0238868
кхярнбше люрепхюкш;02_0238869
кхярнбше люрепхюкш;02_0238870
кхярнбше люрепхюкш;02_0238871
кхярнбше люрепхюкш;02_0239420
кхярнбше люрепхюкш;02_0241221
кхярнбше люрепхюкш;02_0242536
кхярнбше люрепхюкш;02_0242542
кхярнбше люрепхюкш;02_0243698
кхярнбше люрепхюкш;02_0243699
кхярнбше люрепхюкш;02_0243700
кхярнбше люрепхюкш;02_0243828
кхярнбше люрепхюкш;02_0243832
кхярнбше люрепхюкш;02_0243833
кхярнбше люрепхюкш;02_0244990
кхярнбше люрепхюкш;02_0245738
кхярнбше люрепхюкш;02_0245739
кхярнбше люрепхюкш;02_0245740
кхярнбше люрепхюкш;02_0245741
кхярнбше люрепхюкш;02_0245742
кхярнбше люрепхюкш;02_0245743
кхярнбше люрепхюкш;02_0245744
кхярнбше люрепхюкш;02_0245745
кхярнбше люрепхюкш;02_0245746
кхярнбше люрепхюкш;02_0245747
кхярнбше люрепхюкш;02_0245748
кхярнбше люрепхюкш;02_0245749
кхярнбше люрепхюкш;02_0245750
кхярнбше люрепхюкш;02_0246719
кхярнбше люрепхюкш;02_0246720
кхярнбше люрепхюкш;02_0246721
кхярнбше люрепхюкш;02_0246804
кхярнбше люрепхюкш;02_0247330
кхярнбше люрепхюкш;02_0247331
кхярнбше люрепхюкш;02_0247332
кхярнбше люрепхюкш;02_0247333
кхярнбше люрепхюкш;02_0247334
кхярнбше люрепхюкш;02_0247336
кхярнбше люрепхюкш;02_0247337
кхярнбше люрепхюкш;02_0247338
кхярнбше люрепхюкш;02_0247339
кхярнбше люрепхюкш;02_0247340
кхярнбше люрепхюкш;02_0247605
кхярнбше люрепхюкш;02_0247606
кхярнбше люрепхюкш;02_0247809
кхярнбше люрепхюкш;02_0247810
кхярнбше люрепхюкш;02_0247811
кхярнбше люрепхюкш;02_0247812
кхярнбше люрепхюкш;02_0247813
кхярнбше люрепхюкш;02_0247814
кхярнбше люрепхюкш;02_0247815
кхярнбше люрепхюкш;02_0247816
кхярнбше люрепхюкш;02_0248867
кхярнбше люрепхюкш;02_0248963
кхярнбше люрепхюкш;02_0248964
кхярнбше люрепхюкш;02_0249119
кхярнбше люрепхюкш;02_0249807
кхярнбше люрепхюкш;02_0249819
кхярнбше люрепхюкш;02_0249820
кхярнбше люрепхюкш;02_0249823
кхярнбше люрепхюкш;02_0249824
кхярнбше люрепхюкш;02_0249825
кхярнбше люрепхюкш;02_0249853
кхярнбше люрепхюкш;02_0250312
кхярнбше люрепхюкш;02_0250669
кхярнбше люрепхюкш;02_0251494
кхярнбше люрепхюкш;02_0251495
кхярнбше люрепхюкш;02_0254068
кхярнбше люрепхюкш;02_0254069
кхярнбше люрепхюкш;02_0254070
кхярнбше люрепхюкш;02_0254071
кхярнбше люрепхюкш;02_0254072
кхярнбше люрепхюкш;02_0256627
кхярнбше люрепхюкш;02_0256717
кхярнбше люрепхюкш;02_0256718
кхярнбше люрепхюкш;02_0256730
кхярнбше люрепхюкш;02_0256731
кхярнбше люрепхюкш;02_0256732
кхярнбше люрепхюкш;02_0256733
кхярнбше люрепхюкш;02_0256734
кхярнбше люрепхюкш;02_0256735
кхярнбше люрепхюкш;02_0257066
кхярнбше люрепхюкш;02_0257067
кхярнбше люрепхюкш;02_0257929
кхярнбше люрепхюкш;02_0258011
кхярнбше люрепхюкш;02_0258016
кхярнбше люрепхюкш;02_0258653
кхярнбше люрепхюкш;02_0259492
кхярнбше люрепхюкш;02_0259493
кхярнбше люрепхюкш;02_0259679
кхярнбше люрепхюкш;02_0260224
кхярнбше люрепхюкш;02_0260233
кхярнбше люрепхюкш;02_0261685
кхярнбше люрепхюкш;02_0262892
кхярнбше люрепхюкш;02_0267534
кхярнбше люрепхюкш;02_0268376
кхярнбше люрепхюкш;02_0268378
кхярнбше люрепхюкш;02_0268381
кхярнбше люрепхюкш;02_0268382
кхярнбше люрепхюкш;02_0268659
кхярнбше люрепхюкш;02_0269420
кхярнбше люрепхюкш;02_0272989
кхярнбше люрепхюкш;02_0276702
кхярнбше люрепхюкш;02_0278775
кхярнбше люрепхюкш;02_0283831
кхярнбше люрепхюкш;02_0284782
кхярнбше люрепхюкш;02_0285334
кхярнбше люрепхюкш;02_0285372
кхярнбше люрепхюкш;02_0285373
кхярнбше люрепхюкш;02_0285374
кхярнбше люрепхюкш;02_0286805
кхярнбше люрепхюкш;02_0290458
кхярнбше люрепхюкш;02_0290459
кхярнбше люрепхюкш;02_0290460
кхярнбше люрепхюкш;02_0290461
кхярнбше люрепхюкш;02_0290462
кхярнбше люрепхюкш;02_0290463
кхярнбше люрепхюкш;02_0291602
кхярнбше люрепхюкш;02_0291978
кхярнбше люрепхюкш;02_0292299
кхярнбше люрепхюкш;02_0292328
кхярнбше люрепхюкш;02_0292551
кхярнбше люрепхюкш;02_0292816
кхярнбше люрепхюкш;02_0292817
кхярнбше люрепхюкш;02_0292818
кхярнбше люрепхюкш;02_0292819
кхярнбше люрепхюкш;02_0292820
кхярнбше люрепхюкш;02_0298176
кхярнбше люрепхюкш;02_0298754
кхярнбше люрепхюкш;02_0298772
кхярнбше люрепхюкш;02_0298773
кхярнбше люрепхюкш;02_0302091
кхярнбше люрепхюкш;02_0304963
кхярнбше люрепхюкш;02_0305722
кхярнбше люрепхюкш;02_0305723
кхярнбше люрепхюкш;02_0307159
кхярнбше люрепхюкш;02_0307160
кхярнбше люрепхюкш;02_0307161
кхярнбше люрепхюкш;02_0307162
кхярнбше люрепхюкш;02_0308423
кхярнбше люрепхюкш;02_0308424
кхярнбше люрепхюкш;02_0310373
кхярнбше люрепхюкш;02_0310686
кхярнбше люрепхюкш;02_0312361
кхярнбше люрепхюкш;02_0312362
кхярнбше люрепхюкш;02_0312363
кхярнбше люрепхюкш;02_0312364
кхярнбше люрепхюкш;02_0312365
кхярнбше люрепхюкш;02_0312366
кхярнбше люрепхюкш;02_0312367
кхярнбше люрепхюкш;02_0312368
кхярнбше люрепхюкш;02_0314054
кхярнбше люрепхюкш;02_0314935
кхярнбше люрепхюкш;02_0315258
кхярнбше люрепхюкш;02_0315259
кхярнбше люрепхюкш;02_0315260
кхярнбше люрепхюкш;02_0315261
кхярнбше люрепхюкш;02_0315262
кхярнбше люрепхюкш;02_0318117
кхярнбше люрепхюкш;02_0321201
кхярнбше люрепхюкш;02_0321202
кхярнбше люрепхюкш;02_0321203
кхярнбше люрепхюкш;02_0321204
кхярнбше люрепхюкш;02_0321205
кхярнбше люрепхюкш;02_0321206
кхярнбше люрепхюкш;02_0321558
кхярнбше люрепхюкш;02_0321559
кхярнбше люрепхюкш;02_0321560
кхярнбше люрепхюкш;02_0323435
кхярнбше люрепхюкш;02_0323436
кхярнбше люрепхюкш;02_0323437
кхярнбше люрепхюкш;02_0323438
кхярнбше люрепхюкш;02_0326216
кхярнбше люрепхюкш;02_0326217
кхярнбше люрепхюкш;02_0326218
кхярнбше люрепхюкш;02_0326219
кхярнбше люрепхюкш;02_0326220
кхярнбше люрепхюкш;02_0326221
кхярнбше люрепхюкш;02_0326222
кхярнбше люрепхюкш;02_0326223
кхярнбше люрепхюкш;02_0326224
кхярнбше люрепхюкш;02_0326225
кхярнбше люрепхюкш;02_0338430
кхярнбше люрепхюкш;02_0338431
кхярнбше люрепхюкш;02_0338432
кхярнбше люрепхюкш;02_0338433
кхярнбше люрепхюкш;02_0338434
кхярнбше люрепхюкш;02_0338435
кхярнбше люрепхюкш;02_0338436
кхярнбше люрепхюкш;02_0338437
кхярнбше люрепхюкш;02_0338438
кхярнбше люрепхюкш;02_0338439
кхярнбше люрепхюкш;02_0352130
окхрйю;02_0155240
окхрйю;02_0156008
окхрйю;02_0158156
окхрйю;02_0158157
окхрйю;02_0158158
окхрйю;02_0158159
окхрйю;02_0158163
окхрйю;02_0158174
окхрйю;02_0158175
окхрйю;02_0158176
окхрйю;02_0160323
окхрйю;02_0160324
окхрйю;02_0160325
окхрйю;02_0160326
окхрйю;02_0160327
окхрйю;02_0160329
окхрйю;02_0160332
окхрйю;02_0160333
окхрйю;02_0160334
окхрйю;02_0160340
окхрйю;02_0160341
окхрйю;02_0160352
окхрйю;02_0160356
окхрйю;02_0160357
окхрйю;02_0160359
окхрйю;02_0160360
окхрйю;02_0160366
окхрйю;02_0160372
окхрйю;02_0160373
окхрйю;02_0160374
окхрйю;02_0160375
окхрйю;02_0160376
окхрйю;02_0160377
окхрйю;02_0160378
окхрйю;02_0160380
окхрйю;02_0160389
окхрйю;02_0160391
окхрйю;02_0160392
окхрйю;02_0160393
окхрйю;02_0160394
окхрйю;02_0160395
окхрйю;02_0160396
окхрйю;02_0160397
окхрйю;02_0160398
окхрйю;02_0160399
окхрйю;02_0160417
окхрйю;02_0160418
окхрйю;02_0160427
окхрйю;02_0160434
окхрйю;02_0160435
окхрйю;02_0160436
окхрйю;02_0160437
окхрйю;02_0160438
окхрйю;02_0160439
окхрйю;02_0160440
окхрйю;02_0160445
окхрйю;02_0160448
окхрйю;02_0160449
окхрйю;02_0160450
окхрйю;02_0160451
окхрйю;02_0160452
окхрйю;02_0160466
окхрйю;02_0160468
окхрйю;02_0160484
окхрйю;02_0160493
окхрйю;02_0160502
окхрйю;02_0160503
окхрйю;02_0160507
окхрйю;02_0160508
окхрйю;02_0160509
окхрйю;02_0160510
окхрйю;02_0160513
окхрйю;02_0160514
окхрйю;02_0160516
окхрйю;02_0161345
окхрйю;02_0161346
окхрйю;02_0161404
окхрйю;02_0163209
окхрйю;02_0163210
окхрйю;02_0167423
окхрйю;02_0167424
окхрйю;02_0171093
окхрйю;02_0173281
окхрйю;02_0173282
окхрйю;02_0173283
окхрйю;02_0173284
окхрйю;02_0173285
окхрйю;02_0173286
окхрйю;02_0173287
окхрйю;02_0173288
окхрйю;02_0173289
окхрйю;02_0173290
окхрйю;02_0173291
окхрйю;02_0173292
окхрйю;02_0173293
окхрйю;02_0173294
окхрйю;02_0173295
окхрйю;02_0173296
окхрйю;02_0173300
окхрйю;02_0173301
окхрйю;02_0173302
окхрйю;02_0173303
окхрйю;02_0173304
окхрйю;02_0173305
окхрйю;02_0173306
окхрйю;02_0173307
окхрйю;02_0173308
окхрйю;02_0173309
окхрйю;02_0173310
окхрйю;02_0173311
окхрйю;02_0173312
окхрйю;02_0173313
окхрйю;02_0173672
окхрйю;02_0173673
окхрйю;02_0173674
окхрйю;02_0173675
окхрйю;02_0173676
окхрйю;02_0173677
окхрйю;02_0173678
окхрйю;02_0173679
окхрйю;02_0173680
окхрйю;02_0173681
окхрйю;02_0173682
окхрйю;02_0173683
окхрйю;02_0173684
окхрйю;02_0173685
окхрйю;02_0173686
окхрйю;02_0174868
окхрйю;02_0174869
окхрйю;02_0174871
окхрйю;02_0174872
окхрйю;02_0174919
окхрйю;02_0174920
окхрйю;02_0174923
окхрйю;02_0174925
окхрйю;02_0174927
окхрйю;02_0174928
окхрйю;02_0174931
окхрйю;02_0174932
окхрйю;02_0174933
окхрйю;02_0174935
окхрйю;02_0174946
окхрйю;02_0174964
окхрйю;02_0174968
окхрйю;02_0174970
окхрйю;02_0174971
окхрйю;02_0174972
окхрйю;02_0174973
окхрйю;02_0174974
окхрйю;02_0174975
окхрйю;02_0174976
окхрйю;02_0174977
окхрйю;02_0174978
окхрйю;02_0174979
окхрйю;02_0174980
окхрйю;02_0174982
окхрйю;02_0174983
окхрйю;02_0174984
окхрйю;02_0174986
окхрйю;02_0174987
окхрйю;02_0174988
окхрйю;02_0174989
окхрйю;02_0174990
окхрйю;02_0174992
окхрйю;02_0174993
окхрйю;02_0174995
окхрйю;02_0174996
окхрйю;02_0175000
окхрйю;02_0175002
окхрйю;02_0175006
окхрйю;02_0175008
окхрйю;02_0175012
окхрйю;02_0175013
окхрйю;02_0175017
окхрйю;02_0176079
окхрйю;02_0176084
окхрйю;02_0176085
окхрйю;02_0176086
окхрйю;02_0176088
окхрйю;02_0176089
окхрйю;02_0176090
окхрйю;02_0176092
окхрйю;02_0176093
окхрйю;02_0176094
окхрйю;02_0176095
окхрйю;02_0176096
окхрйю;02_0176097
окхрйю;02_0176098
окхрйю;02_0176099
окхрйю;02_0176100
окхрйю;02_0176101
окхрйю;02_0176102
окхрйю;02_0176103
окхрйю;02_0176104
окхрйю;02_0176105
окхрйю;02_0176126
окхрйю;02_0176132
окхрйю;02_0176133
окхрйю;02_0176135
окхрйю;02_0176137
окхрйю;02_0176138
окхрйю;02_0176139
окхрйю;02_0176144
окхрйю;02_0176193
окхрйю;02_0177950
окхрйю;02_0177951
окхрйю;02_0177952
окхрйю;02_0177953
окхрйю;02_0177954
окхрйю;02_0178177
окхрйю;02_0178182
окхрйю;02_0178184
окхрйю;02_0178192
окхрйю;02_0179982
окхрйю;02_0179990
окхрйю;02_0179996
окхрйю;02_0180036
окхрйю;02_0180059
окхрйю;02_0180082
окхрйю;02_0180333
окхрйю;02_0180334
окхрйю;02_0180337
окхрйю;02_0180588
окхрйю;02_0181369
окхрйю;02_0181376
окхрйю;02_0181609
окхрйю;02_0184336
окхрйю;02_0184339
окхрйю;02_0184344
окхрйю;02_0184346
окхрйю;02_0184347
окхрйю;02_0184348
окхрйю;02_0184349
окхрйю;02_0184354
окхрйю;02_0184355
окхрйю;02_0184356
окхрйю;02_0184357
окхрйю;02_0184358
окхрйю;02_0184412
окхрйю;02_0184414
окхрйю;02_0184416
окхрйю;02_0184417
окхрйю;02_0186308
окхрйю;02_0186309
окхрйю;02_0187362
окхрйю;02_0187600
окхрйю;02_0187601
окхрйю;02_0187602
окхрйю;02_0187603
окхрйю;02_0187604
окхрйю;02_0187605
окхрйю;02_0187606
окхрйю;02_0187607
окхрйю;02_0187608
окхрйю;02_0187609
окхрйю;02_0187610
окхрйю;02_0187611
окхрйю;02_0187612
окхрйю;02_0187613
окхрйю;02_0187614
окхрйю;02_0187615
окхрйю;02_0187616
окхрйю;02_0187617
окхрйю;02_0187618
окхрйю;02_0187619
окхрйю;02_0187620
окхрйю;02_0187621
окхрйю;02_0187622
окхрйю;02_0187667
окхрйю;02_0187668
окхрйю;02_0187735
окхрйю;02_0187736
окхрйю;02_0187737
окхрйю;02_0187738
окхрйю;02_0187739
окхрйю;02_0187740
окхрйю;02_0187741
окхрйю;02_0187742
окхрйю;02_0187743
окхрйю;02_0187744
окхрйю;02_0187745
окхрйю;02_0187746
окхрйю;02_0187747
окхрйю;02_0187941
окхрйю;02_0187942
окхрйю;02_0187943
окхрйю;02_0187944
окхрйю;02_0187945
окхрйю;02_0187946
окхрйю;02_0187947
окхрйю;02_0187948
окхрйю;02_0187949
окхрйю;02_0187950
окхрйю;02_0187951
окхрйю;02_0187952
окхрйю;02_0187953
окхрйю;02_0187954
окхрйю;02_0187955
окхрйю;02_0187956
окхрйю;02_0187957
окхрйю;02_0187958
окхрйю;02_0187959
окхрйю;02_0187960
окхрйю;02_0187961
окхрйю;02_0187962
окхрйю;02_0187963
окхрйю;02_0187964
окхрйю;02_0187965
окхрйю;02_0187966
окхрйю;02_0187967
окхрйю;02_0187968
окхрйю;02_0187969
окхрйю;02_0187970
окхрйю;02_0187971
окхрйю;02_0187972
окхрйю;02_0187973
окхрйю;02_0187987
окхрйю;02_0187988
окхрйю;02_0188921
окхрйю;02_0188923
окхрйю;02_0189030
окхрйю;02_0189032
окхрйю;02_0189033
окхрйю;02_0189038
окхрйю;02_0189039
окхрйю;02_0189040
окхрйю;02_0189075
окхрйю;02_0189076
окхрйю;02_0189257
окхрйю;02_0189774
окхрйю;02_0189934
окхрйю;02_0190065
окхрйю;02_0190066
окхрйю;02_0190136
окхрйю;02_0190142
окхрйю;02_0190148
окхрйю;02_0190656
окхрйю;02_0191553
окхрйю;02_0192869
окхрйю;02_0192983
окхрйю;02_0192988
окхрйю;02_0193003
окхрйю;02_0193006
окхрйю;02_0193010
окхрйю;02_0193023
окхрйю;02_0193027
окхрйю;02_0193031
окхрйю;02_0193032
окхрйю;02_0193045
окхрйю;02_0193046
окхрйю;02_0193047
окхрйю;02_0193048
окхрйю;02_0193049
окхрйю;02_0193050
окхрйю;02_0193064
окхрйю;02_0193065
окхрйю;02_0193067
окхрйю;02_0193070
окхрйю;02_0193075
окхрйю;02_0193078
окхрйю;02_0193079
окхрйю;02_0193080
окхрйю;02_0193081
окхрйю;02_0193082
окхрйю;02_0193083
окхрйю;02_0193084
окхрйю;02_0193085
окхрйю;02_0193087
окхрйю;02_0193088
окхрйю;02_0193089
окхрйю;02_0193090
окхрйю;02_0193093
окхрйю;02_0193094
окхрйю;02_0193096
окхрйю;02_0193103
окхрйю;02_0193113
окхрйю;02_0193114
окхрйю;02_0193115
окхрйю;02_0193121
окхрйю;02_0193221
окхрйю;02_0193222
окхрйю;02_0193223
окхрйю;02_0193232
окхрйю;02_0193233
окхрйю;02_0193234
окхрйю;02_0193235
окхрйю;02_0193236
окхрйю;02_0193237
окхрйю;02_0193238
окхрйю;02_0193246
окхрйю;02_0193247
окхрйю;02_0193314
окхрйю;02_0193315
окхрйю;02_0193316
окхрйю;02_0193317
окхрйю;02_0193318
окхрйю;02_0193319
окхрйю;02_0193320
окхрйю;02_0193323
окхрйю;02_0193324
окхрйю;02_0193327
окхрйю;02_0193329
окхрйю;02_0193330
окхрйю;02_0193331
окхрйю;02_0194216
окхрйю;02_0194217
окхрйю;02_0194320
окхрйю;02_0194324
окхрйю;02_0194325
окхрйю;02_0194383
окхрйю;02_0195649
окхрйю;02_0195652
окхрйю;02_0195791
окхрйю;02_0195792
окхрйю;02_0195793
окхрйю;02_0195794
окхрйю;02_0195795
окхрйю;02_0195796
окхрйю;02_0195797
окхрйю;02_0195798
окхрйю;02_0195799
окхрйю;02_0195800
окхрйю;02_0195801
окхрйю;02_0195802
окхрйю;02_0195803
окхрйю;02_0195804
окхрйю;02_0195805
окхрйю;02_0195806
окхрйю;02_0195807
окхрйю;02_0195808
окхрйю;02_0195809
окхрйю;02_0195810
окхрйю;02_0195811
окхрйю;02_0195812
окхрйю;02_0195813
окхрйю;02_0195814
окхрйю;02_0195815
окхрйю;02_0195992
окхрйю;02_0195993
окхрйю;02_0195994
окхрйю;02_0195995
окхрйю;02_0195996
окхрйю;02_0196085
окхрйю;02_0196086
окхрйю;02_0196087
окхрйю;02_0196088
окхрйю;02_0196089
окхрйю;02_0196091
окхрйю;02_0196566
окхрйю;02_0196567
окхрйю;02_0196568
окхрйю;02_0196569
окхрйю;02_0196690
окхрйю;02_0196691
окхрйю;02_0196692
окхрйю;02_0196695
окхрйю;02_0197219
окхрйю;02_0197220
окхрйю;02_0197221
окхрйю;02_0197414
окхрйю;02_0197415
окхрйю;02_0197428
окхрйю;02_0197492
окхрйю;02_0197493
окхрйю;02_0197494
окхрйю;02_0197495
окхрйю;02_0197496
окхрйю;02_0197497
окхрйю;02_0197498
окхрйю;02_0197500
окхрйю;02_0197960
окхрйю;02_0197961
окхрйю;02_0197962
окхрйю;02_0199183
окхрйю;02_0199802
окхрйю;02_0199803
окхрйю;02_0199804
окхрйю;02_0199805
окхрйю;02_0199806
окхрйю;02_0199807
окхрйю;02_0199808
окхрйю;02_0199809
окхрйю;02_0199810
окхрйю;02_0199811
окхрйю;02_0199812
окхрйю;02_0199813
окхрйю;02_0199814
окхрйю;02_0200003
окхрйю;02_0200004
окхрйю;02_0200006
окхрйю;02_0200007
окхрйю;02_0200008
окхрйю;02_0200009
окхрйю;02_0200010
окхрйю;02_0200011
окхрйю;02_0200012
окхрйю;02_0200015
окхрйю;02_0200016
окхрйю;02_0200017
окхрйю;02_0200018
окхрйю;02_0200019
окхрйю;02_0200020
окхрйю;02_0200021
окхрйю;02_0200022
окхрйю;02_0200023
окхрйю;02_0200025
окхрйю;02_0200026
окхрйю;02_0200027
окхрйю;02_0200028
окхрйю;02_0200030
окхрйю;02_0200031
окхрйю;02_0200032
окхрйю;02_0200033
окхрйю;02_0200034
окхрйю;02_0200035
окхрйю;02_0200036
окхрйю;02_0200037
окхрйю;02_0200038
окхрйю;02_0200042
окхрйю;02_0200043
окхрйю;02_0200047
окхрйю;02_0200068
окхрйю;02_0200069
окхрйю;02_0200228
окхрйю;02_0200232
окхрйю;02_0200244
окхрйю;02_0200280
окхрйю;02_0200306
окхрйю;02_0200307
окхрйю;02_0200308
окхрйю;02_0200312
окхрйю;02_0200313
окхрйю;02_0200314
окхрйю;02_0200315
окхрйю;02_0200316
окхрйю;02_0200317
окхрйю;02_0200318
окхрйю;02_0200319
окхрйю;02_0200320
окхрйю;02_0200321
окхрйю;02_0200322
окхрйю;02_0200324
окхрйю;02_0200325
окхрйю;02_0200326
окхрйю;02_0200327
окхрйю;02_0200329
окхрйю;02_0200330
окхрйю;02_0200332
окхрйю;02_0200335
окхрйю;02_0200360
окхрйю;02_0200680
окхрйю;02_0200681
окхрйю;02_0200693
окхрйю;02_0200704
окхрйю;02_0200706
окхрйю;02_0201415
окхрйю;02_0201416
окхрйю;02_0201417
окхрйю;02_0201418
окхрйю;02_0201419
окхрйю;02_0201420
окхрйю;02_0201422
окхрйю;02_0201425
окхрйю;02_0201431
окхрйю;02_0201432
окхрйю;02_0201433
окхрйю;02_0201434
окхрйю;02_0201435
окхрйю;02_0201436
окхрйю;02_0201437
окхрйю;02_0201438
окхрйю;02_0201439
окхрйю;02_0201440
окхрйю;02_0202115
окхрйю;02_0202116
окхрйю;02_0202117
окхрйю;02_0202118
окхрйю;02_0202119
окхрйю;02_0202120
окхрйю;02_0202121
окхрйю;02_0202122
окхрйю;02_0202123
окхрйю;02_0202124
окхрйю;02_0202127
окхрйю;02_0202129
окхрйю;02_0202130
окхрйю;02_0202131
окхрйю;02_0202133
окхрйю;02_0202134
окхрйю;02_0202137
окхрйю;02_0202138
окхрйю;02_0202140
окхрйю;02_0202160
окхрйю;02_0202161
окхрйю;02_0202164
окхрйю;02_0202165
окхрйю;02_0202166
окхрйю;02_0202170
окхрйю;02_0202171
окхрйю;02_0202172
окхрйю;02_0202173
окхрйю;02_0202174
окхрйю;02_0202175
окхрйю;02_0202176
окхрйю;02_0202178
окхрйю;02_0202179
окхрйю;02_0202181
окхрйю;02_0202182
окхрйю;02_0202184
окхрйю;02_0202191
окхрйю;02_0202192
окхрйю;02_0202193
окхрйю;02_0202194
окхрйю;02_0202195
окхрйю;02_0202196
окхрйю;02_0202197
окхрйю;02_0202198
окхрйю;02_0202206
окхрйю;02_0202207
окхрйю;02_0202221
окхрйю;02_0202224
окхрйю;02_0202225
окхрйю;02_0202226
окхрйю;02_0202227
окхрйю;02_0202228
окхрйю;02_0202229
окхрйю;02_0202230
окхрйю;02_0202231
окхрйю;02_0202232
окхрйю;02_0202233
окхрйю;02_0202249
окхрйю;02_0202250
окхрйю;02_0202251
окхрйю;02_0202252
окхрйю;02_0202256
окхрйю;02_0202259
окхрйю;02_0202260
окхрйю;02_0202262
окхрйю;02_0202263
окхрйю;02_0202264
окхрйю;02_0202265
окхрйю;02_0202266
окхрйю;02_0202268
окхрйю;02_0202269
окхрйю;02_0202270
окхрйю;02_0202271
окхрйю;02_0202272
окхрйю;02_0202273
окхрйю;02_0202286
окхрйю;02_0202303
окхрйю;02_0202311
окхрйю;02_0202459
окхрйю;02_0202460
окхрйю;02_0202461
окхрйю;02_0202462
окхрйю;02_0202463
окхрйю;02_0202464
окхрйю;02_0202465
окхрйю;02_0202681
окхрйю;02_0202682
окхрйю;02_0202684
окхрйю;02_0202685
окхрйю;02_0202702
окхрйю;02_0202725
окхрйю;02_0202756
окхрйю;02_0202758
окхрйю;02_0202760
окхрйю;02_0202761
окхрйю;02_0202943
окхрйю;02_0202944
окхрйю;02_0202945
окхрйю;02_0203314
окхрйю;02_0203315
окхрйю;02_0204082
окхрйю;02_0204083
окхрйю;02_0204084
окхрйю;02_0204088
окхрйю;02_0204341
окхрйю;02_0204342
окхрйю;02_0204343
окхрйю;02_0204344
окхрйю;02_0204349
окхрйю;02_0204865
окхрйю;02_0205102
окхрйю;02_0205217
окхрйю;02_0205318
окхрйю;02_0205414
окхрйю;02_0205658
окхрйю;02_0205659
окхрйю;02_0205664
окхрйю;02_0205671
окхрйю;02_0205673
окхрйю;02_0205682
окхрйю;02_0205685
окхрйю;02_0206155
окхрйю;02_0206305
окхрйю;02_0206306
окхрйю;02_0206307
окхрйю;02_0206547
окхрйю;02_0206549
окхрйю;02_0206550
окхрйю;02_0206551
окхрйю;02_0206598
окхрйю;02_0206601
окхрйю;02_0207847
окхрйю;02_0208117
окхрйю;02_0208119
окхрйю;02_0208121
окхрйю;02_0208122
окхрйю;02_0208123
окхрйю;02_0208124
окхрйю;02_0208125
окхрйю;02_0208126
окхрйю;02_0208127
окхрйю;02_0208128
окхрйю;02_0208129
окхрйю;02_0208130
окхрйю;02_0208131
окхрйю;02_0208132
окхрйю;02_0208133
окхрйю;02_0208134
окхрйю;02_0208135
окхрйю;02_0208136
окхрйю;02_0208137
окхрйю;02_0208138
окхрйю;02_0208139
окхрйю;02_0208140
окхрйю;02_0208141
окхрйю;02_0208142
окхрйю;02_0208143
окхрйю;02_0208144
окхрйю;02_0208145
окхрйю;02_0208146
окхрйю;02_0208147
окхрйю;02_0208148
окхрйю;02_0208149
окхрйю;02_0208150
окхрйю;02_0208151
окхрйю;02_0208152
окхрйю;02_0208153
окхрйю;02_0208155
окхрйю;02_0208159
окхрйю;02_0208160
окхрйю;02_0208161
окхрйю;02_0208162
окхрйю;02_0208163
окхрйю;02_0208164
окхрйю;02_0208165
окхрйю;02_0208167
окхрйю;02_0208168
окхрйю;02_0208169
окхрйю;02_0208172
окхрйю;02_0208173
окхрйю;02_0208174
окхрйю;02_0208175
окхрйю;02_0208176
окхрйю;02_0208673
окхрйю;02_0208674
окхрйю;02_0208675
окхрйю;02_0208999
окхрйю;02_0209000
окхрйю;02_0209001
окхрйю;02_0209004
окхрйю;02_0209006
окхрйю;02_0209051
окхрйю;02_0209052
окхрйю;02_0209054
окхрйю;02_0209298
окхрйю;02_0209299
окхрйю;02_0209300
окхрйю;02_0209301
окхрйю;02_0209302
окхрйю;02_0209303
окхрйю;02_0209304
окхрйю;02_0209305
окхрйю;02_0209306
окхрйю;02_0209307
окхрйю;02_0209308
окхрйю;02_0209309
окхрйю;02_0209310
окхрйю;02_0209311
окхрйю;02_0209313
окхрйю;02_0209314
окхрйю;02_0209315
окхрйю;02_0209316
окхрйю;02_0209318
окхрйю;02_0210113
окхрйю;02_0210114
окхрйю;02_0210132
окхрйю;02_0210138
окхрйю;02_0210139
окхрйю;02_0210140
окхрйю;02_0210141
окхрйю;02_0210143
окхрйю;02_0210144
окхрйю;02_0210145
окхрйю;02_0210146
окхрйю;02_0210147
окхрйю;02_0210148
окхрйю;02_0210150
окхрйю;02_0210162
окхрйю;02_0210164
окхрйю;02_0210173
окхрйю;02_0210174
окхрйю;02_0210175
окхрйю;02_0210176
окхрйю;02_0210179
окхрйю;02_0210184
окхрйю;02_0210187
окхрйю;02_0210189
окхрйю;02_0210190
окхрйю;02_0210191
окхрйю;02_0210199
окхрйю;02_0210200
окхрйю;02_0210201
окхрйю;02_0210202
окхрйю;02_0210203
окхрйю;02_0210204
окхрйю;02_0210205
окхрйю;02_0210206
окхрйю;02_0210207
окхрйю;02_0210208
окхрйю;02_0210209
окхрйю;02_0210210
окхрйю;02_0210211
окхрйю;02_0210212
окхрйю;02_0210213
окхрйю;02_0210214
окхрйю;02_0210215
окхрйю;02_0210216
окхрйю;02_0210217
окхрйю;02_0210218
окхрйю;02_0210219
окхрйю;02_0210222
окхрйю;02_0210223
окхрйю;02_0210224
окхрйю;02_0210226
окхрйю;02_0210227
окхрйю;02_0210229
окхрйю;02_0210231
окхрйю;02_0210232
окхрйю;02_0210233
окхрйю;02_0210234
окхрйю;02_0210235
окхрйю;02_0210236
окхрйю;02_0210237
окхрйю;02_0210238
окхрйю;02_0210239
окхрйю;02_0210240
окхрйю;02_0210241
окхрйю;02_0210319
окхрйю;02_0210320
окхрйю;02_0210465
окхрйю;02_0210499
окхрйю;02_0210635
окхрйю;02_0210636
окхрйю;02_0211420
окхрйю;02_0211433
окхрйю;02_0211434
окхрйю;02_0211435
окхрйю;02_0211653
окхрйю;02_0212001
окхрйю;02_0212002
окхрйю;02_0212003
окхрйю;02_0212004
окхрйю;02_0212005
окхрйю;02_0212006
окхрйю;02_0212007
окхрйю;02_0212008
окхрйю;02_0212009
окхрйю;02_0212010
окхрйю;02_0212011
окхрйю;02_0213464
окхрйю;02_0213524
окхрйю;02_0213525
окхрйю;02_0213635
окхрйю;02_0214186
окхрйю;02_0214193
окхрйю;02_0214231
окхрйю;02_0214698
окхрйю;02_0214836
окхрйю;02_0215032
окхрйю;02_0215033
окхрйю;02_0215034
окхрйю;02_0215035
окхрйю;02_0215036
окхрйю;02_0215037
окхрйю;02_0215038
окхрйю;02_0215039
окхрйю;02_0215040
окхрйю;02_0215041
окхрйю;02_0215044
окхрйю;02_0215048
окхрйю;02_0215052
окхрйю;02_0215371
окхрйю;02_0215372
окхрйю;02_0215376
окхрйю;02_0215377
окхрйю;02_0215379
окхрйю;02_0216377
окхрйю;02_0216378
окхрйю;02_0216379
окхрйю;02_0216380
окхрйю;02_0216381
окхрйю;02_0216391
окхрйю;02_0216442
окхрйю;02_0216443
окхрйю;02_0216444
окхрйю;02_0216445
окхрйю;02_0216690
окхрйю;02_0216721
окхрйю;02_0216722
окхрйю;02_0216723
окхрйю;02_0216724
окхрйю;02_0216725
окхрйю;02_0216848
окхрйю;02_0216850
окхрйю;02_0216851
окхрйю;02_0216852
окхрйю;02_0216853
окхрйю;02_0216854
окхрйю;02_0216855
окхрйю;02_0216856
окхрйю;02_0216857
окхрйю;02_0216886
окхрйю;02_0216887
окхрйю;02_0216888
окхрйю;02_0216889
окхрйю;02_0216890
окхрйю;02_0216897
окхрйю;02_0216898
окхрйю;02_0216899
окхрйю;02_0216901
окхрйю;02_0216902
окхрйю;02_0216903
окхрйю;02_0216905
окхрйю;02_0216906
окхрйю;02_0216907
окхрйю;02_0216908
окхрйю;02_0216909
окхрйю;02_0216910
окхрйю;02_0216911
окхрйю;02_0216912
окхрйю;02_0216913
окхрйю;02_0216914
окхрйю;02_0216915
окхрйю;02_0216916
окхрйю;02_0216917
окхрйю;02_0216918
окхрйю;02_0216919
окхрйю;02_0216920
окхрйю;02_0216921
окхрйю;02_0216922
окхрйю;02_0216923
окхрйю;02_0216924
окхрйю;02_0216925
окхрйю;02_0216926
окхрйю;02_0216928
окхрйю;02_0216929
окхрйю;02_0216930
окхрйю;02_0216931
окхрйю;02_0216932
окхрйю;02_0216936
окхрйю;02_0216937
окхрйю;02_0216939
окхрйю;02_0216940
окхрйю;02_0216941
окхрйю;02_0216942
окхрйю;02_0216943
окхрйю;02_0216946
окхрйю;02_0216947
окхрйю;02_0216949
окхрйю;02_0216950
окхрйю;02_0216951
окхрйю;02_0216953
окхрйю;02_0216954
окхрйю;02_0216955
окхрйю;02_0216956
окхрйю;02_0216957
окхрйю;02_0216958
окхрйю;02_0216959
окхрйю;02_0216963
окхрйю;02_0216964
окхрйю;02_0216965
окхрйю;02_0216967
окхрйю;02_0216969
окхрйю;02_0216970
окхрйю;02_0216972
окхрйю;02_0216973
окхрйю;02_0216974
окхрйю;02_0216975
окхрйю;02_0216976
окхрйю;02_0216977
окхрйю;02_0216978
окхрйю;02_0216979
окхрйю;02_0216980
окхрйю;02_0216981
окхрйю;02_0216982
окхрйю;02_0216983
окхрйю;02_0216986
окхрйю;02_0216987
окхрйю;02_0216988
окхрйю;02_0216989
окхрйю;02_0216990
окхрйю;02_0216991
окхрйю;02_0216992
окхрйю;02_0216993
окхрйю;02_0217031
окхрйю;02_0217032
окхрйю;02_0217033
окхрйю;02_0217034
окхрйю;02_0217035
окхрйю;02_0217036
окхрйю;02_0217037
окхрйю;02_0217038
окхрйю;02_0217039
окхрйю;02_0217040
окхрйю;02_0217041
окхрйю;02_0217042
окхрйю;02_0217043
окхрйю;02_0217044
окхрйю;02_0217045
окхрйю;02_0217047
окхрйю;02_0217048
окхрйю;02_0217049
окхрйю;02_0217050
окхрйю;02_0217051
окхрйю;02_0217273
окхрйю;02_0217302
окхрйю;02_0217790
окхрйю;02_0217791
окхрйю;02_0217792
окхрйю;02_0217793
окхрйю;02_0217794
окхрйю;02_0217795
окхрйю;02_0217796
окхрйю;02_0217799
окхрйю;02_0218169
окхрйю;02_0218172
окхрйю;02_0218175
окхрйю;02_0218597
окхрйю;02_0218637
окхрйю;02_0218643
окхрйю;02_0218650
окхрйю;02_0218653
окхрйю;02_0218657
окхрйю;02_0218658
окхрйю;02_0218667
окхрйю;02_0218668
окхрйю;02_0218671
окхрйю;02_0219708
окхрйю;02_0219710
окхрйю;02_0219711
окхрйю;02_0219712
окхрйю;02_0219713
окхрйю;02_0219714
окхрйю;02_0219715
окхрйю;02_0219716
окхрйю;02_0219717
окхрйю;02_0219718
окхрйю;02_0219719
окхрйю;02_0219720
окхрйю;02_0219721
окхрйю;02_0219722
окхрйю;02_0219723
окхрйю;02_0219724
окхрйю;02_0219725
окхрйю;02_0219739
окхрйю;02_0219740
окхрйю;02_0219741
окхрйю;02_0219742
окхрйю;02_0219743
окхрйю;02_0219744
окхрйю;02_0219745
окхрйю;02_0219746
окхрйю;02_0219747
окхрйю;02_0219748
окхрйю;02_0219749
окхрйю;02_0219750
окхрйю;02_0219751
окхрйю;02_0219752
окхрйю;02_0219753
окхрйю;02_0219754
окхрйю;02_0220350
окхрйю;02_0220351
окхрйю;02_0220352
окхрйю;02_0220353
окхрйю;02_0220354
окхрйю;02_0220355
окхрйю;02_0220356
окхрйю;02_0220357
окхрйю;02_0220358
окхрйю;02_0220359
окхрйю;02_0220360
окхрйю;02_0220361
окхрйю;02_0220362
окхрйю;02_0220363
окхрйю;02_0220364
окхрйю;02_0220437
окхрйю;02_0220804
окхрйю;02_0220805
окхрйю;02_0220806
окхрйю;02_0220807
окхрйю;02_0220809
окхрйю;02_0220810
окхрйю;02_0220811
окхрйю;02_0220812
окхрйю;02_0220813
окхрйю;02_0220814
окхрйю;02_0220815
окхрйю;02_0220816
окхрйю;02_0220821
окхрйю;02_0220822
окхрйю;02_0220827
окхрйю;02_0220828
окхрйю;02_0220829
окхрйю;02_0220830
окхрйю;02_0220831
окхрйю;02_0220832
окхрйю;02_0220834
окхрйю;02_0220901
окхрйю;02_0220903
окхрйю;02_0220904
окхрйю;02_0220905
окхрйю;02_0220906
окхрйю;02_0220907
окхрйю;02_0220936
окхрйю;02_0220937
окхрйю;02_0220938
окхрйю;02_0220939
окхрйю;02_0220940
окхрйю;02_0220941
окхрйю;02_0220942
окхрйю;02_0220943
окхрйю;02_0220944
окхрйю;02_0220945
окхрйю;02_0220946
окхрйю;02_0220947
окхрйю;02_0220948
окхрйю;02_0221026
окхрйю;02_0221302
окхрйю;02_0221303
окхрйю;02_0221304
окхрйю;02_0221847
окхрйю;02_0221977
окхрйю;02_0221978
окхрйю;02_0222007
окхрйю;02_0222008
окхрйю;02_0222009
окхрйю;02_0222010
окхрйю;02_0222011
окхрйю;02_0222478
окхрйю;02_0222479
окхрйю;02_0222480
окхрйю;02_0222481
окхрйю;02_0222512
окхрйю;02_0222513
окхрйю;02_0222514
окхрйю;02_0222515
окхрйю;02_0222516
окхрйю;02_0222543
окхрйю;02_0222544
окхрйю;02_0222545
окхрйю;02_0222546
окхрйю;02_0223464
окхрйю;02_0223683
окхрйю;02_0223684
окхрйю;02_0223685
окхрйю;02_0223686
окхрйю;02_0223687
окхрйю;02_0223688
окхрйю;02_0223689
окхрйю;02_0223726
окхрйю;02_0223727
окхрйю;02_0223728
окхрйю;02_0223729
окхрйю;02_0223730
окхрйю;02_0223731
окхрйю;02_0223732
окхрйю;02_0223733
окхрйю;02_0223734
окхрйю;02_0223735
окхрйю;02_0223736
окхрйю;02_0223737
окхрйю;02_0223738
окхрйю;02_0223739
окхрйю;02_0223740
окхрйю;02_0223741
окхрйю;02_0223742
окхрйю;02_0223743
окхрйю;02_0223744
окхрйю;02_0223745
окхрйю;02_0223866
окхрйю;02_0223867
окхрйю;02_0223868
окхрйю;02_0223869
окхрйю;02_0223870
окхрйю;02_0223871
окхрйю;02_0223872
окхрйю;02_0223873
окхрйю;02_0223874
окхрйю;02_0223876
окхрйю;02_0223877
окхрйю;02_0223878
окхрйю;02_0223879
окхрйю;02_0223880
окхрйю;02_0223881
окхрйю;02_0223882
окхрйю;02_0223883
окхрйю;02_0223884
окхрйю;02_0223885
окхрйю;02_0223886
окхрйю;02_0223887
окхрйю;02_0223888
окхрйю;02_0223889
окхрйю;02_0223890
окхрйю;02_0223891
окхрйю;02_0223892
окхрйю;02_0223893
окхрйю;02_0223900
окхрйю;02_0223901
окхрйю;02_0223902
окхрйю;02_0223903
окхрйю;02_0223904
окхрйю;02_0223905
окхрйю;02_0223906
окхрйю;02_0223907
окхрйю;02_0223908
окхрйю;02_0223909
окхрйю;02_0223910
окхрйю;02_0223911
окхрйю;02_0223914
окхрйю;02_0223915
окхрйю;02_0223916
окхрйю;02_0223918
окхрйю;02_0223919
окхрйю;02_0223920
окхрйю;02_0223921
окхрйю;02_0223922
окхрйю;02_0223925
окхрйю;02_0223926
окхрйю;02_0223927
окхрйю;02_0223928
окхрйю;02_0223929
окхрйю;02_0223930
окхрйю;02_0223947
окхрйю;02_0223957
окхрйю;02_0224038
окхрйю;02_0224039
окхрйю;02_0224040
окхрйю;02_0224041
окхрйю;02_0224043
окхрйю;02_0224044
окхрйю;02_0224045
окхрйю;02_0224046
окхрйю;02_0224047
окхрйю;02_0224059
окхрйю;02_0224060
окхрйю;02_0224061
окхрйю;02_0224063
окхрйю;02_0224064
окхрйю;02_0224065
окхрйю;02_0224066
окхрйю;02_0224067
окхрйю;02_0224068
окхрйю;02_0224069
окхрйю;02_0224071
окхрйю;02_0224072
окхрйю;02_0225022
окхрйю;02_0225142
окхрйю;02_0225143
окхрйю;02_0225144
окхрйю;02_0225145
окхрйю;02_0225146
окхрйю;02_0225147
окхрйю;02_0225148
окхрйю;02_0225149
окхрйю;02_0225150
окхрйю;02_0225151
окхрйю;02_0225152
окхрйю;02_0225153
окхрйю;02_0225154
окхрйю;02_0225155
окхрйю;02_0225156
окхрйю;02_0225157
окхрйю;02_0225158
окхрйю;02_0225159
окхрйю;02_0225558
окхрйю;02_0225559
окхрйю;02_0225560
окхрйю;02_0225561
окхрйю;02_0225565
окхрйю;02_0225567
окхрйю;02_0225568
окхрйю;02_0225575
окхрйю;02_0225576
окхрйю;02_0225577
окхрйю;02_0225580
окхрйю;02_0225581
окхрйю;02_0225582
окхрйю;02_0225583
окхрйю;02_0225595
окхрйю;02_0225596
окхрйю;02_0225597
окхрйю;02_0225598
окхрйю;02_0225599
окхрйю;02_0225600
окхрйю;02_0225601
окхрйю;02_0225602
окхрйю;02_0225603
окхрйю;02_0225604
окхрйю;02_0225605
окхрйю;02_0225606
окхрйю;02_0225607
окхрйю;02_0225730
окхрйю;02_0225731
окхрйю;02_0225732
окхрйю;02_0225733
окхрйю;02_0225894
окхрйю;02_0225909
окхрйю;02_0225925
окхрйю;02_0226273
окхрйю;02_0227102
окхрйю;02_0227103
окхрйю;02_0227104
окхрйю;02_0227105
окхрйю;02_0227106
окхрйю;02_0227107
окхрйю;02_0227108
окхрйю;02_0227109
окхрйю;02_0227110
окхрйю;02_0227111
окхрйю;02_0227112
окхрйю;02_0227113
окхрйю;02_0227114
окхрйю;02_0227115
окхрйю;02_0227116
окхрйю;02_0227117
окхрйю;02_0227118
окхрйю;02_0227119
окхрйю;02_0227120
окхрйю;02_0227121
окхрйю;02_0227122
окхрйю;02_0227123
окхрйю;02_0227124
окхрйю;02_0227125
окхрйю;02_0227126
окхрйю;02_0227127
окхрйю;02_0227128
окхрйю;02_0227129
окхрйю;02_0227130
окхрйю;02_0227131
окхрйю;02_0227132
окхрйю;02_0227707
окхрйю;02_0227708
окхрйю;02_0227709
окхрйю;02_0227710
окхрйю;02_0227711
окхрйю;02_0227712
окхрйю;02_0227713
окхрйю;02_0227714
окхрйю;02_0227715
окхрйю;02_0227716
окхрйю;02_0227718
окхрйю;02_0227719
окхрйю;02_0227720
окхрйю;02_0227721
окхрйю;02_0228092
окхрйю;02_0228093
окхрйю;02_0228094
окхрйю;02_0228095
окхрйю;02_0228096
окхрйю;02_0228097
окхрйю;02_0228102
окхрйю;02_0228103
окхрйю;02_0228104
окхрйю;02_0228105
окхрйю;02_0228106
окхрйю;02_0228107
окхрйю;02_0228108
окхрйю;02_0228109
окхрйю;02_0228224
окхрйю;02_0228225
окхрйю;02_0228226
окхрйю;02_0228227
окхрйю;02_0228228
окхрйю;02_0228733
окхрйю;02_0228739
окхрйю;02_0229047
окхрйю;02_0229048
окхрйю;02_0229049
окхрйю;02_0229050
окхрйю;02_0229053
окхрйю;02_0229056
окхрйю;02_0229058
окхрйю;02_0229060
окхрйю;02_0229061
окхрйю;02_0229062
окхрйю;02_0229063
окхрйю;02_0229064
окхрйю;02_0229065
окхрйю;02_0229066
окхрйю;02_0229067
окхрйю;02_0229068
окхрйю;02_0229069
окхрйю;02_0229070
окхрйю;02_0229071
окхрйю;02_0229072
окхрйю;02_0229073
окхрйю;02_0229074
окхрйю;02_0229075
окхрйю;02_0229076
окхрйю;02_0229077
окхрйю;02_0229078
окхрйю;02_0229079
окхрйю;02_0229080
окхрйю;02_0229081
окхрйю;02_0229082
окхрйю;02_0229083
окхрйю;02_0229084
окхрйю;02_0229085
окхрйю;02_0229086
окхрйю;02_0229088
окхрйю;02_0229146
окхрйю;02_0229147
окхрйю;02_0229148
окхрйю;02_0229149
окхрйю;02_0229150
окхрйю;02_0229151
окхрйю;02_0229152
окхрйю;02_0229153
окхрйю;02_0229154
окхрйю;02_0229155
окхрйю;02_0229156
окхрйю;02_0229157
окхрйю;02_0229158
окхрйю;02_0229159
окхрйю;02_0229160
окхрйю;02_0229161
окхрйю;02_0229204
окхрйю;02_0229205
окхрйю;02_0229319
окхрйю;02_0229320
окхрйю;02_0229321
окхрйю;02_0229322
окхрйю;02_0229323
окхрйю;02_0229325
окхрйю;02_0229326
окхрйю;02_0229327
окхрйю;02_0229328
окхрйю;02_0229355
окхрйю;02_0229356
окхрйю;02_0229388
окхрйю;02_0229390
окхрйю;02_0229391
окхрйю;02_0229392
окхрйю;02_0229393
окхрйю;02_0229394
окхрйю;02_0229395
окхрйю;02_0229396
окхрйю;02_0229402
окхрйю;02_0229403
окхрйю;02_0229404
окхрйю;02_0229405
окхрйю;02_0229406
окхрйю;02_0229407
окхрйю;02_0229408
окхрйю;02_0229409
окхрйю;02_0229411
окхрйю;02_0229412
окхрйю;02_0229413
окхрйю;02_0229415
окхрйю;02_0229416
окхрйю;02_0229417
окхрйю;02_0229431
окхрйю;02_0229432
окхрйю;02_0229433
окхрйю;02_0229434
окхрйю;02_0229435
окхрйю;02_0229436
окхрйю;02_0229437
окхрйю;02_0229438
окхрйю;02_0229439
окхрйю;02_0229440
окхрйю;02_0229441
окхрйю;02_0229442
окхрйю;02_0229443
окхрйю;02_0229444
окхрйю;02_0229445
окхрйю;02_0229446
окхрйю;02_0229447
окхрйю;02_0229448
окхрйю;02_0229557
окхрйю;02_0229560
окхрйю;02_0229561
окхрйю;02_0229562
окхрйю;02_0229563
окхрйю;02_0229564
окхрйю;02_0229565
окхрйю;02_0229567
окхрйю;02_0229568
окхрйю;02_0229581
окхрйю;02_0229604
окхрйю;02_0229605
окхрйю;02_0229606
окхрйю;02_0229607
окхрйю;02_0229608
окхрйю;02_0229609
окхрйю;02_0229610
окхрйю;02_0229612
окхрйю;02_0229879
окхрйю;02_0229881
окхрйю;02_0230041
окхрйю;02_0230279
окхрйю;02_0230280
окхрйю;02_0230281
окхрйю;02_0230282
окхрйю;02_0230301
окхрйю;02_0230754
окхрйю;02_0230909
окхрйю;02_0230910
окхрйю;02_0230911
окхрйю;02_0230912
окхрйю;02_0230913
окхрйю;02_0230914
окхрйю;02_0230915
окхрйю;02_0230916
окхрйю;02_0230917
окхрйю;02_0230918
окхрйю;02_0230919
окхрйю;02_0230920
окхрйю;02_0231110
окхрйю;02_0231111
окхрйю;02_0231112
окхрйю;02_0231113
окхрйю;02_0231485
окхрйю;02_0231486
окхрйю;02_0231487
окхрйю;02_0231535
окхрйю;02_0231536
окхрйю;02_0231537
окхрйю;02_0231539
окхрйю;02_0231540
окхрйю;02_0231541
окхрйю;02_0231542
окхрйю;02_0231543
окхрйю;02_0231563
окхрйю;02_0231564
окхрйю;02_0231565
окхрйю;02_0231566
окхрйю;02_0231567
окхрйю;02_0231568
окхрйю;02_0231569
окхрйю;02_0231571
окхрйю;02_0231572
окхрйю;02_0231573
окхрйю;02_0231574
окхрйю;02_0231575
окхрйю;02_0231576
окхрйю;02_0231577
окхрйю;02_0231578
окхрйю;02_0231579
окхрйю;02_0231580
окхрйю;02_0231756
окхрйю;02_0231757
окхрйю;02_0231758
окхрйю;02_0231759
окхрйю;02_0231760
окхрйю;02_0231761
окхрйю;02_0231762
окхрйю;02_0231763
окхрйю;02_0231980
окхрйю;02_0232188
окхрйю;02_0232189
окхрйю;02_0232190
окхрйю;02_0232191
окхрйю;02_0232192
окхрйю;02_0232194
окхрйю;02_0232195
окхрйю;02_0232196
окхрйю;02_0232197
окхрйю;02_0232198
окхрйю;02_0232199
окхрйю;02_0232200
окхрйю;02_0232201
окхрйю;02_0232202
окхрйю;02_0232203
окхрйю;02_0232204
окхрйю;02_0232205
окхрйю;02_0232206
окхрйю;02_0232207
окхрйю;02_0232208
окхрйю;02_0232209
окхрйю;02_0232210
окхрйю;02_0232211
окхрйю;02_0232212
окхрйю;02_0232213
окхрйю;02_0232214
окхрйю;02_0232215
окхрйю;02_0232216
окхрйю;02_0232217
окхрйю;02_0232329
окхрйю;02_0232410
окхрйю;02_0233576
окхрйю;02_0233577
окхрйю;02_0233578
окхрйю;02_0233582
окхрйю;02_0233583
окхрйю;02_0233584
окхрйю;02_0233585
окхрйю;02_0233586
окхрйю;02_0233587
окхрйю;02_0233588
окхрйю;02_0233589
окхрйю;02_0233590
окхрйю;02_0233591
окхрйю;02_0233592
окхрйю;02_0233593
окхрйю;02_0233594
окхрйю;02_0233816
окхрйю;02_0233916
окхрйю;02_0233917
окхрйю;02_0233918
окхрйю;02_0233919
окхрйю;02_0233920
окхрйю;02_0233921
окхрйю;02_0233922
окхрйю;02_0233923
окхрйю;02_0233924
окхрйю;02_0233925
окхрйю;02_0233926
окхрйю;02_0233927
окхрйю;02_0233928
окхрйю;02_0233929
окхрйю;02_0233930
окхрйю;02_0233931
окхрйю;02_0233932
окхрйю;02_0233934
окхрйю;02_0233936
окхрйю;02_0233937
окхрйю;02_0233938
окхрйю;02_0233939
окхрйю;02_0233940
окхрйю;02_0233941
окхрйю;02_0233942
окхрйю;02_0233943
окхрйю;02_0233944
окхрйю;02_0233945
окхрйю;02_0233946
окхрйю;02_0233947
окхрйю;02_0233948
окхрйю;02_0233949
окхрйю;02_0233950
окхрйю;02_0233951
окхрйю;02_0233952
окхрйю;02_0233953
окхрйю;02_0233954
окхрйю;02_0233955
окхрйю;02_0233956
окхрйю;02_0233957
окхрйю;02_0233958
окхрйю;02_0233959
окхрйю;02_0233960
окхрйю;02_0233961
окхрйю;02_0233962
окхрйю;02_0233963
окхрйю;02_0233964
окхрйю;02_0233965
окхрйю;02_0233967
окхрйю;02_0233968
окхрйю;02_0233969
окхрйю;02_0233970
окхрйю;02_0233971
окхрйю;02_0233972
окхрйю;02_0233973
окхрйю;02_0233974
окхрйю;02_0233975
окхрйю;02_0233976
окхрйю;02_0233977
окхрйю;02_0233978
окхрйю;02_0233979
окхрйю;02_0233980
окхрйю;02_0233981
окхрйю;02_0233982
окхрйю;02_0233983
окхрйю;02_0233984
окхрйю;02_0233985
окхрйю;02_0233986
окхрйю;02_0233987
окхрйю;02_0233988
окхрйю;02_0233989
окхрйю;02_0233990
окхрйю;02_0233991
окхрйю;02_0233992
окхрйю;02_0233993
окхрйю;02_0233994
окхрйю;02_0233995
окхрйю;02_0233996
окхрйю;02_0233997
окхрйю;02_0233998
окхрйю;02_0234316
окхрйю;02_0234317
окхрйю;02_0234319
окхрйю;02_0234320
окхрйю;02_0234322
окхрйю;02_0234363
окхрйю;02_0234810
окхрйю;02_0235291
окхрйю;02_0235576
окхрйю;02_0235717
окхрйю;02_0235963
окхрйю;02_0235964
окхрйю;02_0235967
окхрйю;02_0235969
окхрйю;02_0235970
окхрйю;02_0235971
окхрйю;02_0235972
окхрйю;02_0235973
окхрйю;02_0235975
окхрйю;02_0235977
окхрйю;02_0235978
окхрйю;02_0235979
окхрйю;02_0235980
окхрйю;02_0235981
окхрйю;02_0235982
окхрйю;02_0235983
окхрйю;02_0235984
окхрйю;02_0235988
окхрйю;02_0236082
окхрйю;02_0236085
окхрйю;02_0236086
окхрйю;02_0236087
окхрйю;02_0236091
окхрйю;02_0236092
окхрйю;02_0236093
окхрйю;02_0236158
окхрйю;02_0236159
окхрйю;02_0236160
окхрйю;02_0236171
окхрйю;02_0236172
окхрйю;02_0236173
окхрйю;02_0236632
окхрйю;02_0236773
окхрйю;02_0236774
окхрйю;02_0236775
окхрйю;02_0236776
окхрйю;02_0236777
окхрйю;02_0236877
окхрйю;02_0236878
окхрйю;02_0236879
окхрйю;02_0236880
окхрйю;02_0236881
окхрйю;02_0236882
окхрйю;02_0236884
окхрйю;02_0236930
окхрйю;02_0236931
окхрйю;02_0236932
окхрйю;02_0236934
окхрйю;02_0236935
окхрйю;02_0236936
окхрйю;02_0236939
окхрйю;02_0236940
окхрйю;02_0236941
окхрйю;02_0236946
окхрйю;02_0237862
окхрйю;02_0237920
окхрйю;02_0237921
окхрйю;02_0237922
окхрйю;02_0237963
окхрйю;02_0237964
окхрйю;02_0237966
окхрйю;02_0237967
окхрйю;02_0237980
окхрйю;02_0237981
окхрйю;02_0237982
окхрйю;02_0237995
окхрйю;02_0237996
окхрйю;02_0237997
окхрйю;02_0238002
окхрйю;02_0238004
окхрйю;02_0238005
окхрйю;02_0238006
окхрйю;02_0238007
окхрйю;02_0238008
окхрйю;02_0238009
окхрйю;02_0238010
окхрйю;02_0238011
окхрйю;02_0238012
окхрйю;02_0238013
окхрйю;02_0238014
окхрйю;02_0238015
окхрйю;02_0238016
окхрйю;02_0238017
окхрйю;02_0238051
окхрйю;02_0238052
окхрйю;02_0238054
окхрйю;02_0238055
окхрйю;02_0238056
окхрйю;02_0238057
окхрйю;02_0238058
окхрйю;02_0238108
окхрйю;02_0238109
окхрйю;02_0238110
окхрйю;02_0238111
окхрйю;02_0238112
окхрйю;02_0238113
окхрйю;02_0238114
окхрйю;02_0238115
окхрйю;02_0238117
окхрйю;02_0238119
окхрйю;02_0238169
окхрйю;02_0238170
окхрйю;02_0238171
окхрйю;02_0238172
окхрйю;02_0238173
окхрйю;02_0238174
окхрйю;02_0238175
окхрйю;02_0238176
окхрйю;02_0238177
окхрйю;02_0238178
окхрйю;02_0238179
окхрйю;02_0238180
окхрйю;02_0238181
окхрйю;02_0238182
окхрйю;02_0238183
окхрйю;02_0238184
окхрйю;02_0238237
окхрйю;02_0238238
окхрйю;02_0238239
окхрйю;02_0238240
окхрйю;02_0238241
окхрйю;02_0238242
окхрйю;02_0238243
окхрйю;02_0238245
окхрйю;02_0238246
окхрйю;02_0238247
окхрйю;02_0238248
окхрйю;02_0238249
окхрйю;02_0238250
окхрйю;02_0238251
окхрйю;02_0238263
окхрйю;02_0238264
окхрйю;02_0238265
окхрйю;02_0238266
окхрйю;02_0238267
окхрйю;02_0238268
окхрйю;02_0238269
окхрйю;02_0238270
окхрйю;02_0238271
окхрйю;02_0238272
окхрйю;02_0238273
окхрйю;02_0238274
окхрйю;02_0238391
окхрйю;02_0238392
окхрйю;02_0238395
окхрйю;02_0238396
окхрйю;02_0238397
окхрйю;02_0238398
окхрйю;02_0238399
окхрйю;02_0238400
окхрйю;02_0238403
окхрйю;02_0238404
окхрйю;02_0238405
окхрйю;02_0238406
окхрйю;02_0238407
окхрйю;02_0238408
окхрйю;02_0238409
окхрйю;02_0238410
окхрйю;02_0238842
окхрйю;02_0239409
окхрйю;02_0239410
окхрйю;02_0239411
окхрйю;02_0239412
окхрйю;02_0239413
окхрйю;02_0239414
окхрйю;02_0239415
окхрйю;02_0239416
окхрйю;02_0239843
окхрйю;02_0239844
окхрйю;02_0239845
окхрйю;02_0239846
окхрйю;02_0239847
окхрйю;02_0239848
окхрйю;02_0239849
окхрйю;02_0239853
окхрйю;02_0239854
окхрйю;02_0239855
окхрйю;02_0239856
окхрйю;02_0239857
окхрйю;02_0239858
окхрйю;02_0239887
окхрйю;02_0240184
окхрйю;02_0240186
окхрйю;02_0240187
окхрйю;02_0240188
окхрйю;02_0241186
окхрйю;02_0241187
окхрйю;02_0241188
окхрйю;02_0241189
окхрйю;02_0241190
окхрйю;02_0241191
окхрйю;02_0241192
окхрйю;02_0241193
окхрйю;02_0241194
окхрйю;02_0241195
окхрйю;02_0241196
окхрйю;02_0241197
окхрйю;02_0241198
окхрйю;02_0241199
окхрйю;02_0241200
окхрйю;02_0241201
окхрйю;02_0241202
окхрйю;02_0241203
окхрйю;02_0241204
окхрйю;02_0241205
окхрйю;02_0241206
окхрйю;02_0241207
окхрйю;02_0241208
окхрйю;02_0241209
окхрйю;02_0241210
окхрйю;02_0241211
окхрйю;02_0241212
окхрйю;02_0241213
окхрйю;02_0241214
окхрйю;02_0241215
окхрйю;02_0241247
окхрйю;02_0241255
окхрйю;02_0241256
окхрйю;02_0241257
окхрйю;02_0241258
окхрйю;02_0241259
окхрйю;02_0241260
окхрйю;02_0241261
окхрйю;02_0241262
окхрйю;02_0241264
окхрйю;02_0241265
окхрйю;02_0241266
окхрйю;02_0241267
окхрйю;02_0241268
окхрйю;02_0241270
окхрйю;02_0241271
окхрйю;02_0241327
окхрйю;02_0241955
окхрйю;02_0241956
окхрйю;02_0241957
окхрйю;02_0241958
окхрйю;02_0241959
окхрйю;02_0241960
окхрйю;02_0241961
окхрйю;02_0241962
окхрйю;02_0241963
окхрйю;02_0241964
окхрйю;02_0241965
окхрйю;02_0241966
окхрйю;02_0241967
окхрйю;02_0241968
окхрйю;02_0241969
окхрйю;02_0242360
окхрйю;02_0243325
окхрйю;02_0243520
окхрйю;02_0243684
окхрйю;02_0243685
окхрйю;02_0243686
окхрйю;02_0243687
окхрйю;02_0243688
окхрйю;02_0243689
окхрйю;02_0243690
окхрйю;02_0243691
окхрйю;02_0243692
окхрйю;02_0243693
окхрйю;02_0243822
окхрйю;02_0243823
окхрйю;02_0243824
окхрйю;02_0243825
окхрйю;02_0243983
окхрйю;02_0244064
окхрйю;02_0244263
окхрйю;02_0244265
окхрйю;02_0244266
окхрйю;02_0244267
окхрйю;02_0244268
окхрйю;02_0244269
окхрйю;02_0244270
окхрйю;02_0244271
окхрйю;02_0244272
окхрйю;02_0244273
окхрйю;02_0244274
окхрйю;02_0244275
окхрйю;02_0244276
окхрйю;02_0244277
окхрйю;02_0244278
окхрйю;02_0244279
окхрйю;02_0244280
окхрйю;02_0244281
окхрйю;02_0244282
окхрйю;02_0244283
окхрйю;02_0244284
окхрйю;02_0244285
окхрйю;02_0244286
окхрйю;02_0244287
окхрйю;02_0244288
окхрйю;02_0244289
окхрйю;02_0244290
окхрйю;02_0244291
окхрйю;02_0244292
окхрйю;02_0244293
окхрйю;02_0244294
окхрйю;02_0244295
окхрйю;02_0244296
окхрйю;02_0244297
окхрйю;02_0244298
окхрйю;02_0244299
окхрйю;02_0244300
окхрйю;02_0244301
окхрйю;02_0244302
окхрйю;02_0244303
окхрйю;02_0244304
окхрйю;02_0244305
окхрйю;02_0244306
окхрйю;02_0244307
окхрйю;02_0244308
окхрйю;02_0244309
окхрйю;02_0244310
окхрйю;02_0244311
окхрйю;02_0244312
окхрйю;02_0244313
окхрйю;02_0244314
окхрйю;02_0244315
окхрйю;02_0244316
окхрйю;02_0244317
окхрйю;02_0244318
окхрйю;02_0244319
окхрйю;02_0244444
окхрйю;02_0244445
окхрйю;02_0244446
окхрйю;02_0244447
окхрйю;02_0244448
окхрйю;02_0244449
окхрйю;02_0244450
окхрйю;02_0244451
окхрйю;02_0244452
окхрйю;02_0244497
окхрйю;02_0244498
окхрйю;02_0244499
окхрйю;02_0244500
окхрйю;02_0244501
окхрйю;02_0245735
окхрйю;02_0245849
окхрйю;02_0245850
окхрйю;02_0245851
окхрйю;02_0245852
окхрйю;02_0245853
окхрйю;02_0245854
окхрйю;02_0245855
окхрйю;02_0245856
окхрйю;02_0245857
окхрйю;02_0245858
окхрйю;02_0245859
окхрйю;02_0245860
окхрйю;02_0245861
окхрйю;02_0245862
окхрйю;02_0245863
окхрйю;02_0245864
окхрйю;02_0245865
окхрйю;02_0245866
окхрйю;02_0245867
окхрйю;02_0245868
окхрйю;02_0245869
окхрйю;02_0245870
окхрйю;02_0245871
окхрйю;02_0245872
окхрйю;02_0245873
окхрйю;02_0245874
окхрйю;02_0245875
окхрйю;02_0245876
окхрйю;02_0245877
окхрйю;02_0245878
окхрйю;02_0245879
окхрйю;02_0245880
окхрйю;02_0245881
окхрйю;02_0245882
окхрйю;02_0245883
окхрйю;02_0245884
окхрйю;02_0245885
окхрйю;02_0245886
окхрйю;02_0245887
окхрйю;02_0245888
окхрйю;02_0245889
окхрйю;02_0245890
окхрйю;02_0245891
окхрйю;02_0245892
окхрйю;02_0245893
окхрйю;02_0245894
окхрйю;02_0245895
окхрйю;02_0245896
окхрйю;02_0245897
окхрйю;02_0245926
окхрйю;02_0246032
окхрйю;02_0246034
окхрйю;02_0246035
окхрйю;02_0246036
окхрйю;02_0246037
окхрйю;02_0246038
окхрйю;02_0246039
окхрйю;02_0246040
окхрйю;02_0246041
окхрйю;02_0246046
окхрйю;02_0246047
окхрйю;02_0246048
окхрйю;02_0246876
окхрйю;02_0247798
окхрйю;02_0247881
окхрйю;02_0247886
окхрйю;02_0247919
окхрйю;02_0248101
окхрйю;02_0249159
окхрйю;02_0249160
окхрйю;02_0249161
окхрйю;02_0249162
окхрйю;02_0249163
окхрйю;02_0249164
окхрйю;02_0249165
окхрйю;02_0249166
окхрйю;02_0249167
окхрйю;02_0249168
окхрйю;02_0249169
окхрйю;02_0249170
окхрйю;02_0249171
окхрйю;02_0249179
окхрйю;02_0249720
окхрйю;02_0249721
окхрйю;02_0249722
окхрйю;02_0249723
окхрйю;02_0249724
окхрйю;02_0249725
окхрйю;02_0249726
окхрйю;02_0249727
окхрйю;02_0249728
окхрйю;02_0249729
окхрйю;02_0249730
окхрйю;02_0249731
окхрйю;02_0249732
окхрйю;02_0249733
окхрйю;02_0249734
окхрйю;02_0251344
окхрйю;02_0251350
окхрйю;02_0251351
окхрйю;02_0251360
окхрйю;02_0251361
окхрйю;02_0251840
окхрйю;02_0251841
окхрйю;02_0251842
окхрйю;02_0251843
окхрйю;02_0252012
окхрйю;02_0252013
окхрйю;02_0252014
окхрйю;02_0252016
окхрйю;02_0252017
окхрйю;02_0252018
окхрйю;02_0252019
окхрйю;02_0252020
окхрйю;02_0252021
окхрйю;02_0252022
окхрйю;02_0252023
окхрйю;02_0252024
окхрйю;02_0252025
окхрйю;02_0252026
окхрйю;02_0252027
окхрйю;02_0252028
окхрйю;02_0252029
окхрйю;02_0252076
окхрйю;02_0252077
окхрйю;02_0252256
окхрйю;02_0252257
окхрйю;02_0252425
окхрйю;02_0252426
окхрйю;02_0252427
окхрйю;02_0252428
окхрйю;02_0252429
окхрйю;02_0252430
окхрйю;02_0252431
окхрйю;02_0252432
окхрйю;02_0252433
окхрйю;02_0252447
окхрйю;02_0252755
окхрйю;02_0252756
окхрйю;02_0252757
окхрйю;02_0252758
окхрйю;02_0252759
окхрйю;02_0252760
окхрйю;02_0252762
окхрйю;02_0252763
окхрйю;02_0252764
окхрйю;02_0252765
окхрйю;02_0252766
окхрйю;02_0252767
окхрйю;02_0252768
окхрйю;02_0252769
окхрйю;02_0252770
окхрйю;02_0252771
окхрйю;02_0252772
окхрйю;02_0252773
окхрйю;02_0252774
окхрйю;02_0252775
окхрйю;02_0252776
окхрйю;02_0252777
окхрйю;02_0252778
окхрйю;02_0252779
окхрйю;02_0252781
окхрйю;02_0252897
окхрйю;02_0252898
окхрйю;02_0253351
окхрйю;02_0253469
окхрйю;02_0253528
окхрйю;02_0253529
окхрйю;02_0253808
окхрйю;02_0253862
окхрйю;02_0253940
окхрйю;02_0254286
окхрйю;02_0254478
окхрйю;02_0254479
окхрйю;02_0254480
окхрйю;02_0254481
окхрйю;02_0254495
окхрйю;02_0254496
окхрйю;02_0254497
окхрйю;02_0254498
окхрйю;02_0254499
окхрйю;02_0254500
окхрйю;02_0254501
окхрйю;02_0254502
окхрйю;02_0254503
окхрйю;02_0254504
окхрйю;02_0254505
окхрйю;02_0254506
окхрйю;02_0254507
окхрйю;02_0254508
окхрйю;02_0254509
окхрйю;02_0254510
окхрйю;02_0254511
окхрйю;02_0254512
окхрйю;02_0254513
окхрйю;02_0254514
окхрйю;02_0254515
окхрйю;02_0254516
окхрйю;02_0254517
окхрйю;02_0254518
окхрйю;02_0254519
окхрйю;02_0254520
окхрйю;02_0254521
окхрйю;02_0254522
окхрйю;02_0254523
окхрйю;02_0254524
окхрйю;02_0254526
окхрйю;02_0254615
окхрйю;02_0254616
окхрйю;02_0254617
окхрйю;02_0254618
окхрйю;02_0254696
окхрйю;02_0254777
окхрйю;02_0254915
окхрйю;02_0255940
окхрйю;02_0255941
окхрйю;02_0255942
окхрйю;02_0255944
окхрйю;02_0255945
окхрйю;02_0255946
окхрйю;02_0256033
окхрйю;02_0256142
окхрйю;02_0256143
окхрйю;02_0256144
окхрйю;02_0256145
окхрйю;02_0256146
окхрйю;02_0256712
окхрйю;02_0256713
окхрйю;02_0257416
окхрйю;02_0257417
окхрйю;02_0257418
окхрйю;02_0257970
окхрйю;02_0258034
окхрйю;02_0258035
окхрйю;02_0258036
окхрйю;02_0258037
окхрйю;02_0258038
окхрйю;02_0258039
окхрйю;02_0258040
окхрйю;02_0258041
окхрйю;02_0258042
окхрйю;02_0258579
окхрйю;02_0258746
окхрйю;02_0258843
окхрйю;02_0258844
окхрйю;02_0258845
окхрйю;02_0258846
окхрйю;02_0258847
окхрйю;02_0258848
окхрйю;02_0258849
окхрйю;02_0258850
окхрйю;02_0258851
окхрйю;02_0258852
окхрйю;02_0258853
окхрйю;02_0258854
окхрйю;02_0258855
окхрйю;02_0258856
окхрйю;02_0258857
окхрйю;02_0258858
окхрйю;02_0258859
окхрйю;02_0258860
окхрйю;02_0258861
окхрйю;02_0258862
окхрйю;02_0258863
окхрйю;02_0258864
окхрйю;02_0258865
окхрйю;02_0258866
окхрйю;02_0258867
окхрйю;02_0258868
окхрйю;02_0258869
окхрйю;02_0258897
окхрйю;02_0258898
окхрйю;02_0258916
окхрйю;02_0258934
окхрйю;02_0258935
окхрйю;02_0258936
окхрйю;02_0258937
окхрйю;02_0258938
окхрйю;02_0258939
окхрйю;02_0258940
окхрйю;02_0258941
окхрйю;02_0258942
окхрйю;02_0258943
окхрйю;02_0258944
окхрйю;02_0258945
окхрйю;02_0258946
окхрйю;02_0258947
окхрйю;02_0260385
окхрйю;02_0260387
окхрйю;02_0260388
окхрйю;02_0260391
окхрйю;02_0260392
окхрйю;02_0260395
окхрйю;02_0260401
окхрйю;02_0260402
окхрйю;02_0260580
окхрйю;02_0260581
окхрйю;02_0260582
окхрйю;02_0260583
окхрйю;02_0260584
окхрйю;02_0260585
окхрйю;02_0260624
окхрйю;02_0261244
окхрйю;02_0261688
окхрйю;02_0261689
окхрйю;02_0261690
окхрйю;02_0261691
окхрйю;02_0261692
окхрйю;02_0261693
окхрйю;02_0261694
окхрйю;02_0261695
окхрйю;02_0261696
окхрйю;02_0261697
окхрйю;02_0262331
окхрйю;02_0262937
окхрйю;02_0266115
окхрйю;02_0266273
окхрйю;02_0266274
окхрйю;02_0266275
окхрйю;02_0266276
окхрйю;02_0266313
окхрйю;02_0266314
окхрйю;02_0267086
окхрйю;02_0267094
окхрйю;02_0267095
окхрйю;02_0267098
окхрйю;02_0267099
окхрйю;02_0267103
окхрйю;02_0267104
окхрйю;02_0267105
окхрйю;02_0267106
окхрйю;02_0267107
окхрйю;02_0267108
окхрйю;02_0267109
окхрйю;02_0267110
окхрйю;02_0267111
окхрйю;02_0267112
окхрйю;02_0267113
окхрйю;02_0267114
окхрйю;02_0267115
окхрйю;02_0267116
окхрйю;02_0267117
окхрйю;02_0267118
окхрйю;02_0267119
окхрйю;02_0267120
окхрйю;02_0267121
окхрйю;02_0267122
окхрйю;02_0267123
окхрйю;02_0267124
окхрйю;02_0267125
окхрйю;02_0267126
окхрйю;02_0267127
окхрйю;02_0267128
окхрйю;02_0267129
окхрйю;02_0267130
окхрйю;02_0267133
окхрйю;02_0267134
окхрйю;02_0267135
окхрйю;02_0267136
окхрйю;02_0267137
окхрйю;02_0267138
окхрйю;02_0267139
окхрйю;02_0267140
окхрйю;02_0267141
окхрйю;02_0267142
окхрйю;02_0267143
окхрйю;02_0267144
окхрйю;02_0267145
окхрйю;02_0267146
окхрйю;02_0267147
окхрйю;02_0267148
окхрйю;02_0267150
окхрйю;02_0267151
окхрйю;02_0267152
окхрйю;02_0267153
окхрйю;02_0267154
окхрйю;02_0267155
окхрйю;02_0267156
окхрйю;02_0267157
окхрйю;02_0267158
окхрйю;02_0267159
окхрйю;02_0267160
окхрйю;02_0267161
окхрйю;02_0267162
окхрйю;02_0267163
окхрйю;02_0267164
окхрйю;02_0267166
окхрйю;02_0267167
окхрйю;02_0267168
окхрйю;02_0267169
окхрйю;02_0267170
окхрйю;02_0267171
окхрйю;02_0267172
окхрйю;02_0267173
окхрйю;02_0267174
окхрйю;02_0267184
окхрйю;02_0267212
окхрйю;02_0267215
окхрйю;02_0267439
окхрйю;02_0267440
окхрйю;02_0267441
окхрйю;02_0267442
окхрйю;02_0267443
окхрйю;02_0267445
окхрйю;02_0267446
окхрйю;02_0267447
окхрйю;02_0267448
окхрйю;02_0267449
окхрйю;02_0267450
окхрйю;02_0267451
окхрйю;02_0267452
окхрйю;02_0267453
окхрйю;02_0267454
окхрйю;02_0267455
окхрйю;02_0267456
окхрйю;02_0267457
окхрйю;02_0267458
окхрйю;02_0267459
окхрйю;02_0267460
окхрйю;02_0267461
окхрйю;02_0267462
окхрйю;02_0267463
окхрйю;02_0267464
окхрйю;02_0267465
окхрйю;02_0267466
окхрйю;02_0267467
окхрйю;02_0267535
окхрйю;02_0267536
окхрйю;02_0267537
окхрйю;02_0267538
окхрйю;02_0267539
окхрйю;02_0267540
окхрйю;02_0267541
окхрйю;02_0267542
окхрйю;02_0267544
окхрйю;02_0267545
окхрйю;02_0267546
окхрйю;02_0267547
окхрйю;02_0267548
окхрйю;02_0267549
окхрйю;02_0267550
окхрйю;02_0267551
окхрйю;02_0267552
окхрйю;02_0267553
окхрйю;02_0267554
окхрйю;02_0267555
окхрйю;02_0267556
окхрйю;02_0267557
окхрйю;02_0267558
окхрйю;02_0267559
окхрйю;02_0267560
окхрйю;02_0267561
окхрйю;02_0267562
окхрйю;02_0267563
окхрйю;02_0267564
окхрйю;02_0267565
окхрйю;02_0267566
окхрйю;02_0267567
окхрйю;02_0267568
окхрйю;02_0267569
окхрйю;02_0267570
окхрйю;02_0267571
окхрйю;02_0267572
окхрйю;02_0267573
окхрйю;02_0267574
окхрйю;02_0267575
окхрйю;02_0267576
окхрйю;02_0267577
окхрйю;02_0267578
окхрйю;02_0267579
окхрйю;02_0267580
окхрйю;02_0267581
окхрйю;02_0267582
окхрйю;02_0267583
окхрйю;02_0267584
окхрйю;02_0267585
окхрйю;02_0267586
окхрйю;02_0267587
окхрйю;02_0267588
окхрйю;02_0267589
окхрйю;02_0267590
окхрйю;02_0267591
окхрйю;02_0267592
окхрйю;02_0267593
окхрйю;02_0267594
окхрйю;02_0267595
окхрйю;02_0267596
окхрйю;02_0267597
окхрйю;02_0267598
окхрйю;02_0267599
окхрйю;02_0267600
окхрйю;02_0267601
окхрйю;02_0267602
окхрйю;02_0267603
окхрйю;02_0267604
окхрйю;02_0267605
окхрйю;02_0267606
окхрйю;02_0267607
окхрйю;02_0267608
окхрйю;02_0267609
окхрйю;02_0267610
окхрйю;02_0267611
окхрйю;02_0267612
окхрйю;02_0268270
окхрйю;02_0268271
окхрйю;02_0268272
окхрйю;02_0268273
окхрйю;02_0268274
окхрйю;02_0268275
окхрйю;02_0268276
окхрйю;02_0268277
окхрйю;02_0268279
окхрйю;02_0268280
окхрйю;02_0268281
окхрйю;02_0268282
окхрйю;02_0268283
окхрйю;02_0268284
окхрйю;02_0268285
окхрйю;02_0268286
окхрйю;02_0268287
окхрйю;02_0268289
окхрйю;02_0268290
окхрйю;02_0268291
окхрйю;02_0270181
окхрйю;02_0270182
окхрйю;02_0270193
окхрйю;02_0270194
окхрйю;02_0270195
окхрйю;02_0270196
окхрйю;02_0270197
окхрйю;02_0270198
окхрйю;02_0270199
окхрйю;02_0270200
окхрйю;02_0270201
окхрйю;02_0270202
окхрйю;02_0270203
окхрйю;02_0270204
окхрйю;02_0270205
окхрйю;02_0270206
окхрйю;02_0270684
окхрйю;02_0270686
окхрйю;02_0270687
окхрйю;02_0270704
окхрйю;02_0270715
окхрйю;02_0270716
окхрйю;02_0270717
окхрйю;02_0270718
окхрйю;02_0270719
окхрйю;02_0270720
окхрйю;02_0270721
окхрйю;02_0270722
окхрйю;02_0270723
окхрйю;02_0270724
окхрйю;02_0270725
окхрйю;02_0270726
окхрйю;02_0270727
окхрйю;02_0270728
окхрйю;02_0270729
окхрйю;02_0270730
окхрйю;02_0270731
окхрйю;02_0270732
окхрйю;02_0270733
окхрйю;02_0270734
окхрйю;02_0270735
окхрйю;02_0270736
окхрйю;02_0270737
окхрйю;02_0270738
окхрйю;02_0270739
окхрйю;02_0270740
окхрйю;02_0270741
окхрйю;02_0270790
окхрйю;02_0270791
окхрйю;02_0270792
окхрйю;02_0270793
окхрйю;02_0270794
окхрйю;02_0270795
окхрйю;02_0270799
окхрйю;02_0270800
окхрйю;02_0270801
окхрйю;02_0270825
окхрйю;02_0270826
окхрйю;02_0270997
окхрйю;02_0270999
окхрйю;02_0271000
окхрйю;02_0271001
окхрйю;02_0271003
окхрйю;02_0271004
окхрйю;02_0271005
окхрйю;02_0271006
окхрйю;02_0271007
окхрйю;02_0271008
окхрйю;02_0271009
окхрйю;02_0271010
окхрйю;02_0271011
окхрйю;02_0271012
окхрйю;02_0271013
окхрйю;02_0271014
окхрйю;02_0271015
окхрйю;02_0271016
окхрйю;02_0271017
окхрйю;02_0271018
окхрйю;02_0271019
окхрйю;02_0271020
окхрйю;02_0271021
окхрйю;02_0271022
окхрйю;02_0271023
окхрйю;02_0271024
окхрйю;02_0271025
окхрйю;02_0271026
окхрйю;02_0271027
окхрйю;02_0271029
окхрйю;02_0271030
окхрйю;02_0271032
окхрйю;02_0271033
окхрйю;02_0271034
окхрйю;02_0271035
окхрйю;02_0271036
окхрйю;02_0271037
окхрйю;02_0271038
окхрйю;02_0271039
окхрйю;02_0271040
окхрйю;02_0271041
окхрйю;02_0271042
окхрйю;02_0271043
окхрйю;02_0271044
окхрйю;02_0271045
окхрйю;02_0271046
окхрйю;02_0271047
окхрйю;02_0271048
окхрйю;02_0271049
окхрйю;02_0271050
окхрйю;02_0271051
окхрйю;02_0271052
окхрйю;02_0271053
окхрйю;02_0271054
окхрйю;02_0271055
окхрйю;02_0271056
окхрйю;02_0271057
окхрйю;02_0271058
окхрйю;02_0271059
окхрйю;02_0271060
окхрйю;02_0271061
окхрйю;02_0271062
окхрйю;02_0271063
окхрйю;02_0271064
окхрйю;02_0271065
окхрйю;02_0271066
окхрйю;02_0271067
окхрйю;02_0271068
окхрйю;02_0271069
окхрйю;02_0271070
окхрйю;02_0271071
окхрйю;02_0271072
окхрйю;02_0271073
окхрйю;02_0271074
окхрйю;02_0271075
окхрйю;02_0271076
окхрйю;02_0271077
окхрйю;02_0271078
окхрйю;02_0271079
окхрйю;02_0271080
окхрйю;02_0271081
окхрйю;02_0271082
окхрйю;02_0271083
окхрйю;02_0271084
окхрйю;02_0271085
окхрйю;02_0271086
окхрйю;02_0271088
окхрйю;02_0271089
окхрйю;02_0271090
окхрйю;02_0271091
окхрйю;02_0271092
окхрйю;02_0271093
окхрйю;02_0271094
окхрйю;02_0271095
окхрйю;02_0271096
окхрйю;02_0271097
окхрйю;02_0271098
окхрйю;02_0271099
окхрйю;02_0271100
окхрйю;02_0271101
окхрйю;02_0271102
окхрйю;02_0271103
окхрйю;02_0271104
окхрйю;02_0271105
окхрйю;02_0271106
окхрйю;02_0271107
окхрйю;02_0271108
окхрйю;02_0271109
окхрйю;02_0271110
окхрйю;02_0271111
окхрйю;02_0271112
окхрйю;02_0271113
окхрйю;02_0271116
окхрйю;02_0271117
окхрйю;02_0271118
окхрйю;02_0271119
окхрйю;02_0271120
окхрйю;02_0271121
окхрйю;02_0271122
окхрйю;02_0271123
окхрйю;02_0271124
окхрйю;02_0271125
окхрйю;02_0271126
окхрйю;02_0271127
окхрйю;02_0271128
окхрйю;02_0271129
окхрйю;02_0271130
окхрйю;02_0271131
окхрйю;02_0271132
окхрйю;02_0271133
окхрйю;02_0271134
окхрйю;02_0271135
окхрйю;02_0271136
окхрйю;02_0271137
окхрйю;02_0271138
окхрйю;02_0271139
окхрйю;02_0271140
окхрйю;02_0271141
окхрйю;02_0271142
окхрйю;02_0271143
окхрйю;02_0271144
окхрйю;02_0271145
окхрйю;02_0271146
окхрйю;02_0271147
окхрйю;02_0271148
окхрйю;02_0271149
окхрйю;02_0271150
окхрйю;02_0271151
окхрйю;02_0271152
окхрйю;02_0271153
окхрйю;02_0271154
окхрйю;02_0271155
окхрйю;02_0271156
окхрйю;02_0271157
окхрйю;02_0271158
окхрйю;02_0271159
окхрйю;02_0271160
окхрйю;02_0271161
окхрйю;02_0271162
окхрйю;02_0271163
окхрйю;02_0271430
окхрйю;02_0271431
окхрйю;02_0271432
окхрйю;02_0271433
окхрйю;02_0271434
окхрйю;02_0271435
окхрйю;02_0271436
окхрйю;02_0271437
окхрйю;02_0272075
окхрйю;02_0272076
окхрйю;02_0272117
окхрйю;02_0272178
окхрйю;02_0272179
окхрйю;02_0272180
окхрйю;02_0272181
окхрйю;02_0272182
окхрйю;02_0272183
окхрйю;02_0272184
окхрйю;02_0272185
окхрйю;02_0272186
окхрйю;02_0272187
окхрйю;02_0272188
окхрйю;02_0272189
окхрйю;02_0272190
окхрйю;02_0272191
окхрйю;02_0272192
окхрйю;02_0272193
окхрйю;02_0272194
окхрйю;02_0272196
окхрйю;02_0272197
окхрйю;02_0272198
окхрйю;02_0272199
окхрйю;02_0272200
окхрйю;02_0272202
окхрйю;02_0272203
окхрйю;02_0272204
окхрйю;02_0272206
окхрйю;02_0272207
окхрйю;02_0272208
окхрйю;02_0272209
окхрйю;02_0272210
окхрйю;02_0272211
окхрйю;02_0272212
окхрйю;02_0272213
окхрйю;02_0272214
окхрйю;02_0272215
окхрйю;02_0272216
окхрйю;02_0272217
окхрйю;02_0272218
окхрйю;02_0272219
окхрйю;02_0272220
окхрйю;02_0272221
окхрйю;02_0272222
окхрйю;02_0272223
окхрйю;02_0272224
окхрйю;02_0272225
окхрйю;02_0272226
окхрйю;02_0272227
окхрйю;02_0272228
окхрйю;02_0272229
окхрйю;02_0272230
окхрйю;02_0272231
окхрйю;02_0272232
окхрйю;02_0272233
окхрйю;02_0272234
окхрйю;02_0272235
окхрйю;02_0272236
окхрйю;02_0272237
окхрйю;02_0272238
окхрйю;02_0272239
окхрйю;02_0272240
окхрйю;02_0272241
окхрйю;02_0272242
окхрйю;02_0272243
окхрйю;02_0272244
окхрйю;02_0272245
окхрйю;02_0272246
окхрйю;02_0272247
окхрйю;02_0272248
окхрйю;02_0272249
окхрйю;02_0272250
окхрйю;02_0272251
окхрйю;02_0272252
окхрйю;02_0272253
окхрйю;02_0272254
окхрйю;02_0272255
окхрйю;02_0272256
окхрйю;02_0272257
окхрйю;02_0272258
окхрйю;02_0272259
окхрйю;02_0272260
окхрйю;02_0272261
окхрйю;02_0272262
окхрйю;02_0272263
окхрйю;02_0272264
окхрйю;02_0272265
окхрйю;02_0272266
окхрйю;02_0272267
окхрйю;02_0272268
окхрйю;02_0272269
окхрйю;02_0272270
окхрйю;02_0272271
окхрйю;02_0272272
окхрйю;02_0272273
окхрйю;02_0272274
окхрйю;02_0272275
окхрйю;02_0272276
окхрйю;02_0272277
окхрйю;02_0272278
окхрйю;02_0272279
окхрйю;02_0272280
окхрйю;02_0272281
окхрйю;02_0272282
окхрйю;02_0272286
окхрйю;02_0272287
окхрйю;02_0272290
окхрйю;02_0272291
окхрйю;02_0272292
окхрйю;02_0272293
окхрйю;02_0272294
окхрйю;02_0272295
окхрйю;02_0272296
окхрйю;02_0272297
окхрйю;02_0272298
окхрйю;02_0272299
окхрйю;02_0272300
окхрйю;02_0272301
окхрйю;02_0272302
окхрйю;02_0272304
окхрйю;02_0272305
окхрйю;02_0272306
окхрйю;02_0272307
окхрйю;02_0272308
окхрйю;02_0272309
окхрйю;02_0272310
окхрйю;02_0272311
окхрйю;02_0272312
окхрйю;02_0272313
окхрйю;02_0272314
окхрйю;02_0272315
окхрйю;02_0272316
окхрйю;02_0272317
окхрйю;02_0272318
окхрйю;02_0272319
окхрйю;02_0272320
окхрйю;02_0272321
окхрйю;02_0272322
окхрйю;02_0272323
окхрйю;02_0272324
окхрйю;02_0272325
окхрйю;02_0272326
окхрйю;02_0272327
окхрйю;02_0272328
окхрйю;02_0272329
окхрйю;02_0272330
окхрйю;02_0272331
окхрйю;02_0272332
окхрйю;02_0272333
окхрйю;02_0272334
окхрйю;02_0272335
окхрйю;02_0272336
окхрйю;02_0272337
окхрйю;02_0272338
окхрйю;02_0272339
окхрйю;02_0272340
окхрйю;02_0272580
окхрйю;02_0272581
окхрйю;02_0272618
окхрйю;02_0272619
окхрйю;02_0272629
окхрйю;02_0272630
окхрйю;02_0272631
окхрйю;02_0272632
окхрйю;02_0272633
окхрйю;02_0272634
окхрйю;02_0272635
окхрйю;02_0272636
окхрйю;02_0272637
окхрйю;02_0272638
окхрйю;02_0272639
окхрйю;02_0272640
окхрйю;02_0272641
окхрйю;02_0272642
окхрйю;02_0272643
окхрйю;02_0272644
окхрйю;02_0272645
окхрйю;02_0272646
окхрйю;02_0272647
окхрйю;02_0272648
окхрйю;02_0272649
окхрйю;02_0272650
окхрйю;02_0272651
окхрйю;02_0272652
окхрйю;02_0272653
окхрйю;02_0272654
окхрйю;02_0272655
окхрйю;02_0272656
окхрйю;02_0272657
окхрйю;02_0272658
окхрйю;02_0272659
окхрйю;02_0272660
окхрйю;02_0272661
окхрйю;02_0272662
окхрйю;02_0272663
окхрйю;02_0272664
окхрйю;02_0272665
окхрйю;02_0272666
окхрйю;02_0272667
окхрйю;02_0272668
окхрйю;02_0272669
окхрйю;02_0272670
окхрйю;02_0272671
окхрйю;02_0272672
окхрйю;02_0272673
окхрйю;02_0272674
окхрйю;02_0272675
окхрйю;02_0272676
окхрйю;02_0272677
окхрйю;02_0272678
окхрйю;02_0272679
окхрйю;02_0272680
окхрйю;02_0272681
окхрйю;02_0272682
окхрйю;02_0272683
окхрйю;02_0272684
окхрйю;02_0272685
окхрйю;02_0272686
окхрйю;02_0272687
окхрйю;02_0272688
окхрйю;02_0272689
окхрйю;02_0272690
окхрйю;02_0272691
окхрйю;02_0272692
окхрйю;02_0272693
окхрйю;02_0272789
окхрйю;02_0272790
окхрйю;02_0272791
окхрйю;02_0272792
окхрйю;02_0272793
окхрйю;02_0272794
окхрйю;02_0272795
окхрйю;02_0272796
окхрйю;02_0272797
окхрйю;02_0272798
окхрйю;02_0272799
окхрйю;02_0272800
окхрйю;02_0272801
окхрйю;02_0272802
окхрйю;02_0272803
окхрйю;02_0272804
окхрйю;02_0272805
окхрйю;02_0272806
окхрйю;02_0272807
окхрйю;02_0272808
окхрйю;02_0272809
окхрйю;02_0272810
окхрйю;02_0272811
окхрйю;02_0272812
окхрйю;02_0272813
окхрйю;02_0272814
окхрйю;02_0272815
окхрйю;02_0272816
окхрйю;02_0272817
окхрйю;02_0272818
окхрйю;02_0272819
окхрйю;02_0272820
окхрйю;02_0272821
окхрйю;02_0272822
окхрйю;02_0272823
окхрйю;02_0272824
окхрйю;02_0272825
окхрйю;02_0272826
окхрйю;02_0272827
окхрйю;02_0272828
окхрйю;02_0272829
окхрйю;02_0272830
окхрйю;02_0272887
окхрйю;02_0272888
окхрйю;02_0272889
окхрйю;02_0272890
окхрйю;02_0272891
окхрйю;02_0272892
окхрйю;02_0272893
окхрйю;02_0272894
окхрйю;02_0272895
окхрйю;02_0272896
окхрйю;02_0272897
окхрйю;02_0272898
окхрйю;02_0272899
окхрйю;02_0272900
окхрйю;02_0272901
окхрйю;02_0272902
окхрйю;02_0272903
окхрйю;02_0272904
окхрйю;02_0272905
окхрйю;02_0272906
окхрйю;02_0272907
окхрйю;02_0272908
окхрйю;02_0272909
окхрйю;02_0272910
окхрйю;02_0272911
окхрйю;02_0272912
окхрйю;02_0274334
окхрйю;02_0274373
окхрйю;02_0274374
окхрйю;02_0274375
окхрйю;02_0274376
окхрйю;02_0274377
окхрйю;02_0274378
окхрйю;02_0274379
окхрйю;02_0274380
окхрйю;02_0274381
окхрйю;02_0274382
окхрйю;02_0274383
окхрйю;02_0274384
окхрйю;02_0274385
окхрйю;02_0274386
окхрйю;02_0274387
окхрйю;02_0274390
окхрйю;02_0274391
окхрйю;02_0274392
окхрйю;02_0274393
окхрйю;02_0274394
окхрйю;02_0274395
окхрйю;02_0274396
окхрйю;02_0274397
окхрйю;02_0274398
окхрйю;02_0274399
окхрйю;02_0274400
окхрйю;02_0274401
окхрйю;02_0274402
окхрйю;02_0274403
окхрйю;02_0274404
окхрйю;02_0274405
окхрйю;02_0274406
окхрйю;02_0274407
окхрйю;02_0274408
окхрйю;02_0274409
окхрйю;02_0274410
окхрйю;02_0274411
окхрйю;02_0274412
окхрйю;02_0274413
окхрйю;02_0274414
окхрйю;02_0274415
окхрйю;02_0274416
окхрйю;02_0274417
окхрйю;02_0274418
окхрйю;02_0274419
окхрйю;02_0274420
окхрйю;02_0274421
окхрйю;02_0274422
окхрйю;02_0274423
окхрйю;02_0274424
окхрйю;02_0274425
окхрйю;02_0274426
окхрйю;02_0274820
окхрйю;02_0274821
окхрйю;02_0274822
окхрйю;02_0274993
окхрйю;02_0274994
окхрйю;02_0274995
окхрйю;02_0274996
окхрйю;02_0274997
окхрйю;02_0275040
окхрйю;02_0275042
окхрйю;02_0275593
окхрйю;02_0275594
окхрйю;02_0275595
окхрйю;02_0275596
окхрйю;02_0275597
окхрйю;02_0275598
окхрйю;02_0275599
окхрйю;02_0275600
окхрйю;02_0275601
окхрйю;02_0275602
окхрйю;02_0275603
окхрйю;02_0275604
окхрйю;02_0275605
окхрйю;02_0275606
окхрйю;02_0275607
окхрйю;02_0275608
окхрйю;02_0275609
окхрйю;02_0275610
окхрйю;02_0275611
окхрйю;02_0275612
окхрйю;02_0275613
окхрйю;02_0275748
окхрйю;02_0275749
окхрйю;02_0276037
окхрйю;02_0276349
окхрйю;02_0276367
окхрйю;02_0276703
окхрйю;02_0276704
окхрйю;02_0276705
окхрйю;02_0276712
окхрйю;02_0276713
окхрйю;02_0276714
окхрйю;02_0276715
окхрйю;02_0276716
окхрйю;02_0276717
окхрйю;02_0277019
окхрйю;02_0277148
окхрйю;02_0277149
окхрйю;02_0277398
окхрйю;02_0277410
окхрйю;02_0277760
окхрйю;02_0278271
окхрйю;02_0278380
окхрйю;02_0278381
окхрйю;02_0278382
окхрйю;02_0279300
окхрйю;02_0279456
окхрйю;02_0279518
окхрйю;02_0279533
окхрйю;02_0279534
окхрйю;02_0280226
окхрйю;02_0280227
окхрйю;02_0280228
окхрйю;02_0280229
окхрйю;02_0280262
окхрйю;02_0280288
окхрйю;02_0280289
окхрйю;02_0280290
окхрйю;02_0280291
окхрйю;02_0280292
окхрйю;02_0280293
окхрйю;02_0280294
окхрйю;02_0280295
окхрйю;02_0280296
окхрйю;02_0280297
окхрйю;02_0280298
окхрйю;02_0280299
окхрйю;02_0280300
окхрйю;02_0280301
окхрйю;02_0280302
окхрйю;02_0280303
окхрйю;02_0280304
окхрйю;02_0280305
окхрйю;02_0280306
окхрйю;02_0280307
окхрйю;02_0280308
окхрйю;02_0280309
окхрйю;02_0280351
окхрйю;02_0280352
окхрйю;02_0280353
окхрйю;02_0280354
окхрйю;02_0280355
окхрйю;02_0280356
окхрйю;02_0280357
окхрйю;02_0280358
окхрйю;02_0280359
окхрйю;02_0280360
окхрйю;02_0280361
окхрйю;02_0280362
окхрйю;02_0281139
окхрйю;02_0281140
окхрйю;02_0281178
окхрйю;02_0281179
окхрйю;02_0281180
окхрйю;02_0281181
окхрйю;02_0281182
окхрйю;02_0281183
окхрйю;02_0281184
окхрйю;02_0281185
окхрйю;02_0281186
окхрйю;02_0281187
окхрйю;02_0281188
окхрйю;02_0281189
окхрйю;02_0281190
окхрйю;02_0281205
окхрйю;02_0281206
окхрйю;02_0281207
окхрйю;02_0281208
окхрйю;02_0281209
окхрйю;02_0281210
окхрйю;02_0281329
окхрйю;02_0281330
окхрйю;02_0281331
окхрйю;02_0281332
окхрйю;02_0281333
окхрйю;02_0281597
окхрйю;02_0281598
окхрйю;02_0281599
окхрйю;02_0281820
окхрйю;02_0281835
окхрйю;02_0281900
окхрйю;02_0281901
окхрйю;02_0281902
окхрйю;02_0281903
окхрйю;02_0281956
окхрйю;02_0281957
окхрйю;02_0281958
окхрйю;02_0282181
окхрйю;02_0282182
окхрйю;02_0282183
окхрйю;02_0282184
окхрйю;02_0282185
окхрйю;02_0282186
окхрйю;02_0282187
окхрйю;02_0282188
окхрйю;02_0282189
окхрйю;02_0282256
окхрйю;02_0282259
окхрйю;02_0282260
окхрйю;02_0282261
окхрйю;02_0282847
окхрйю;02_0282848
окхрйю;02_0283026
окхрйю;02_0283027
окхрйю;02_0283028
окхрйю;02_0283029
окхрйю;02_0283030
окхрйю;02_0283031
окхрйю;02_0283032
окхрйю;02_0283033
окхрйю;02_0283034
окхрйю;02_0283035
окхрйю;02_0283036
окхрйю;02_0283037
окхрйю;02_0283038
окхрйю;02_0283039
окхрйю;02_0283040
окхрйю;02_0283041
окхрйю;02_0283042
окхрйю;02_0283043
окхрйю;02_0283044
окхрйю;02_0283045
окхрйю;02_0283148
окхрйю;02_0283149
окхрйю;02_0283422
окхрйю;02_0283448
окхрйю;02_0283954
окхрйю;02_0283981
окхрйю;02_0283982
окхрйю;02_0283983
окхрйю;02_0283984
окхрйю;02_0283985
окхрйю;02_0283986
окхрйю;02_0283987
окхрйю;02_0283988
окхрйю;02_0284157
окхрйю;02_0284158
окхрйю;02_0284159
окхрйю;02_0284160
окхрйю;02_0284161
окхрйю;02_0284162
окхрйю;02_0284163
окхрйю;02_0284164
окхрйю;02_0284165
окхрйю;02_0284166
окхрйю;02_0284167
окхрйю;02_0284168
окхрйю;02_0284169
окхрйю;02_0284170
окхрйю;02_0284171
окхрйю;02_0284172
окхрйю;02_0284173
окхрйю;02_0284174
окхрйю;02_0284175
окхрйю;02_0284176
окхрйю;02_0284177
окхрйю;02_0284178
окхрйю;02_0284500
окхрйю;02_0285096
окхрйю;02_0285097
окхрйю;02_0285098
окхрйю;02_0285099
окхрйю;02_0285100
окхрйю;02_0285101
окхрйю;02_0285102
окхрйю;02_0285103
окхрйю;02_0285104
окхрйю;02_0285105
окхрйю;02_0285106
окхрйю;02_0285107
окхрйю;02_0285108
окхрйю;02_0285109
окхрйю;02_0285110
окхрйю;02_0285111
окхрйю;02_0285112
окхрйю;02_0285113
окхрйю;02_0285114
окхрйю;02_0285115
окхрйю;02_0285116
окхрйю;02_0285117
окхрйю;02_0285118
окхрйю;02_0285119
окхрйю;02_0285120
окхрйю;02_0285121
окхрйю;02_0285122
окхрйю;02_0285123
окхрйю;02_0285124
окхрйю;02_0285125
окхрйю;02_0285126
окхрйю;02_0285188
окхрйю;02_0285189
окхрйю;02_0285338
окхрйю;02_0285339
окхрйю;02_0285340
окхрйю;02_0285341
окхрйю;02_0285342
окхрйю;02_0285343
окхрйю;02_0285344
окхрйю;02_0285345
окхрйю;02_0285346
окхрйю;02_0285347
окхрйю;02_0285491
окхрйю;02_0285747
окхрйю;02_0285808
окхрйю;02_0285809
окхрйю;02_0285886
окхрйю;02_0285910
окхрйю;02_0285916
окхрйю;02_0285917
окхрйю;02_0286443
окхрйю;02_0286692
окхрйю;02_0286694
окхрйю;02_0287365
окхрйю;02_0287958
окхрйю;02_0288823
окхрйю;02_0288849
окхрйю;02_0288850
окхрйю;02_0288851
окхрйю;02_0288852
окхрйю;02_0288853
окхрйю;02_0289035
окхрйю;02_0289293
окхрйю;02_0289400
окхрйю;02_0289401
окхрйю;02_0289402
окхрйю;02_0289403
окхрйю;02_0289404
окхрйю;02_0289405
окхрйю;02_0289406
окхрйю;02_0289407
окхрйю;02_0289408
окхрйю;02_0289409
окхрйю;02_0289410
окхрйю;02_0289411
окхрйю;02_0289412
окхрйю;02_0289413
окхрйю;02_0289414
окхрйю;02_0289415
окхрйю;02_0289416
окхрйю;02_0289417
окхрйю;02_0289418
окхрйю;02_0289419
окхрйю;02_0289420
окхрйю;02_0289421
окхрйю;02_0289422
окхрйю;02_0289423
окхрйю;02_0289424
окхрйю;02_0289425
окхрйю;02_0289426
окхрйю;02_0289427
окхрйю;02_0289428
окхрйю;02_0289429
окхрйю;02_0289430
окхрйю;02_0289431
окхрйю;02_0289432
окхрйю;02_0289433
окхрйю;02_0289434
окхрйю;02_0289435
окхрйю;02_0289436
окхрйю;02_0290210
окхрйю;02_0290211
окхрйю;02_0290834
окхрйю;02_0290835
окхрйю;02_0290836
окхрйю;02_0290837
окхрйю;02_0290838
окхрйю;02_0290839
окхрйю;02_0290840
окхрйю;02_0290841
окхрйю;02_0290842
окхрйю;02_0290843
окхрйю;02_0290844
окхрйю;02_0290845
окхрйю;02_0290846
окхрйю;02_0290847
окхрйю;02_0290848
окхрйю;02_0290849
окхрйю;02_0290850
окхрйю;02_0290851
окхрйю;02_0290988
окхрйю;02_0290989
окхрйю;02_0290990
окхрйю;02_0291232
окхрйю;02_0291251
окхрйю;02_0291252
окхрйю;02_0291253
окхрйю;02_0291254
окхрйю;02_0291255
окхрйю;02_0291256
окхрйю;02_0291257
окхрйю;02_0291258
окхрйю;02_0291259
окхрйю;02_0291260
окхрйю;02_0291261
окхрйю;02_0291262
окхрйю;02_0291263
окхрйю;02_0291264
окхрйю;02_0291265
окхрйю;02_0291266
окхрйю;02_0291267
окхрйю;02_0291268
окхрйю;02_0291269
окхрйю;02_0291270
окхрйю;02_0291271
окхрйю;02_0291272
окхрйю;02_0291273
окхрйю;02_0291274
окхрйю;02_0291275
окхрйю;02_0291276
окхрйю;02_0291277
окхрйю;02_0291278
окхрйю;02_0291279
окхрйю;02_0291280
окхрйю;02_0291281
окхрйю;02_0291282
окхрйю;02_0291283
окхрйю;02_0291284
окхрйю;02_0291285
окхрйю;02_0291286
окхрйю;02_0291287
окхрйю;02_0291288
окхрйю;02_0291289
окхрйю;02_0291290
окхрйю;02_0291291
окхрйю;02_0291292
окхрйю;02_0291293
окхрйю;02_0291294
окхрйю;02_0291295
окхрйю;02_0291296
окхрйю;02_0291297
окхрйю;02_0291298
окхрйю;02_0291299
окхрйю;02_0291300
окхрйю;02_0291301
окхрйю;02_0291302
окхрйю;02_0291303
окхрйю;02_0291304
окхрйю;02_0291305
окхрйю;02_0291306
окхрйю;02_0291307
окхрйю;02_0291308
окхрйю;02_0291309
окхрйю;02_0291310
окхрйю;02_0291311
окхрйю;02_0291312
окхрйю;02_0291313
окхрйю;02_0291314
окхрйю;02_0291315
окхрйю;02_0291316
окхрйю;02_0291317
окхрйю;02_0291318
окхрйю;02_0291319
окхрйю;02_0291320
окхрйю;02_0291321
окхрйю;02_0291322
окхрйю;02_0291323
окхрйю;02_0291324
окхрйю;02_0291325
окхрйю;02_0291326
окхрйю;02_0291327
окхрйю;02_0291328
окхрйю;02_0291329
окхрйю;02_0291330
окхрйю;02_0291331
окхрйю;02_0291332
окхрйю;02_0291333
окхрйю;02_0291334
окхрйю;02_0291335
окхрйю;02_0291336
окхрйю;02_0291337
окхрйю;02_0291338
окхрйю;02_0291339
окхрйю;02_0291340
окхрйю;02_0291341
окхрйю;02_0291342
окхрйю;02_0291343
окхрйю;02_0291344
окхрйю;02_0291345
окхрйю;02_0291346
окхрйю;02_0291347
окхрйю;02_0291348
окхрйю;02_0291349
окхрйю;02_0291350
окхрйю;02_0291351
окхрйю;02_0291352
окхрйю;02_0291353
окхрйю;02_0291354
окхрйю;02_0291355
окхрйю;02_0291356
окхрйю;02_0291357
окхрйю;02_0291358
окхрйю;02_0291359
окхрйю;02_0291360
окхрйю;02_0291361
окхрйю;02_0291362
окхрйю;02_0291363
окхрйю;02_0291364
окхрйю;02_0291365
окхрйю;02_0291366
окхрйю;02_0291367
окхрйю;02_0291368
окхрйю;02_0291369
окхрйю;02_0291370
окхрйю;02_0291371
окхрйю;02_0291372
окхрйю;02_0291373
окхрйю;02_0291374
окхрйю;02_0291375
окхрйю;02_0291376
окхрйю;02_0291377
окхрйю;02_0291378
окхрйю;02_0291379
окхрйю;02_0291380
окхрйю;02_0291381
окхрйю;02_0291382
окхрйю;02_0291383
окхрйю;02_0291384
окхрйю;02_0291385
окхрйю;02_0291386
окхрйю;02_0291387
окхрйю;02_0291388
окхрйю;02_0291389
окхрйю;02_0291390
окхрйю;02_0291391
окхрйю;02_0291392
окхрйю;02_0291393
окхрйю;02_0291394
окхрйю;02_0291492
окхрйю;02_0291493
окхрйю;02_0291494
окхрйю;02_0291495
окхрйю;02_0291496
окхрйю;02_0291497
окхрйю;02_0291498
окхрйю;02_0291499
окхрйю;02_0291500
окхрйю;02_0291501
окхрйю;02_0291502
окхрйю;02_0291503
окхрйю;02_0291507
окхрйю;02_0291508
окхрйю;02_0291509
окхрйю;02_0291599
окхрйю;02_0291600
окхрйю;02_0291601
окхрйю;02_0291835
окхрйю;02_0291836
окхрйю;02_0291837
окхрйю;02_0291838
окхрйю;02_0291839
окхрйю;02_0291840
окхрйю;02_0291841
окхрйю;02_0291842
окхрйю;02_0291843
окхрйю;02_0291979
окхрйю;02_0291980
окхрйю;02_0291989
окхрйю;02_0291990
окхрйю;02_0291991
окхрйю;02_0291992
окхрйю;02_0291993
окхрйю;02_0291994
окхрйю;02_0291995
окхрйю;02_0291996
окхрйю;02_0291997
окхрйю;02_0291998
окхрйю;02_0291999
окхрйю;02_0292000
окхрйю;02_0292001
окхрйю;02_0292002
окхрйю;02_0292003
окхрйю;02_0292080
окхрйю;02_0292081
окхрйю;02_0292082
окхрйю;02_0292083
окхрйю;02_0292084
окхрйю;02_0292500
окхрйю;02_0293282
окхрйю;02_0293283
окхрйю;02_0293284
окхрйю;02_0293285
окхрйю;02_0293286
окхрйю;02_0293287
окхрйю;02_0293288
окхрйю;02_0293289
окхрйю;02_0293290
окхрйю;02_0293291
окхрйю;02_0293292
окхрйю;02_0293293
окхрйю;02_0293294
окхрйю;02_0293295
окхрйю;02_0293296
окхрйю;02_0293297
окхрйю;02_0293298
окхрйю;02_0293299
окхрйю;02_0293300
окхрйю;02_0293301
окхрйю;02_0293302
окхрйю;02_0293303
окхрйю;02_0293304
окхрйю;02_0293679
окхрйю;02_0293680
окхрйю;02_0293681
окхрйю;02_0293682
окхрйю;02_0293683
окхрйю;02_0293684
окхрйю;02_0293685
окхрйю;02_0293686
окхрйю;02_0293687
окхрйю;02_0293688
окхрйю;02_0293689
окхрйю;02_0293690
окхрйю;02_0293691
окхрйю;02_0293692
окхрйю;02_0293693
окхрйю;02_0293694
окхрйю;02_0293695
окхрйю;02_0293696
окхрйю;02_0293697
окхрйю;02_0293698
окхрйю;02_0293699
окхрйю;02_0293700
окхрйю;02_0293701
окхрйю;02_0293703
окхрйю;02_0293704
окхрйю;02_0293779
окхрйю;02_0293780
окхрйю;02_0293781
окхрйю;02_0293782
окхрйю;02_0293783
окхрйю;02_0293784
окхрйю;02_0293785
окхрйю;02_0293786
окхрйю;02_0293787
окхрйю;02_0293788
окхрйю;02_0293789
окхрйю;02_0293790
окхрйю;02_0293797
окхрйю;02_0294016
окхрйю;02_0294017
окхрйю;02_0294018
окхрйю;02_0294019
окхрйю;02_0294020
окхрйю;02_0294045
окхрйю;02_0294046
окхрйю;02_0294265
окхрйю;02_0294526
окхрйю;02_0294533
окхрйю;02_0294534
окхрйю;02_0294535
окхрйю;02_0294886
окхрйю;02_0295489
окхрйю;02_0295490
окхрйю;02_0298135
окхрйю;02_0298136
окхрйю;02_0298137
окхрйю;02_0298138
окхрйю;02_0298139
окхрйю;02_0298140
окхрйю;02_0298141
окхрйю;02_0298142
окхрйю;02_0299100
окхрйю;02_0299101
окхрйю;02_0299102
окхрйю;02_0299115
окхрйю;02_0299116
окхрйю;02_0299117
окхрйю;02_0299118
окхрйю;02_0299119
окхрйю;02_0299120
окхрйю;02_0299121
окхрйю;02_0299122
окхрйю;02_0299123
окхрйю;02_0299124
окхрйю;02_0299125
окхрйю;02_0299126
окхрйю;02_0299127
окхрйю;02_0299128
окхрйю;02_0299129
окхрйю;02_0299130
окхрйю;02_0299131
окхрйю;02_0299132
окхрйю;02_0299133
окхрйю;02_0299134
окхрйю;02_0299135
окхрйю;02_0299136
окхрйю;02_0299137
окхрйю;02_0299138
окхрйю;02_0300138
окхрйю;02_0300151
окхрйю;02_0300468
окхрйю;02_0302663
окхрйю;02_0303888
окхрйю;02_0303889
окхрйю;02_0303890
окхрйю;02_0304180
окхрйю;02_0304181
окхрйю;02_0304182
окхрйю;02_0304183
окхрйю;02_0304184
окхрйю;02_0304185
окхрйю;02_0304186
окхрйю;02_0304187
окхрйю;02_0304188
окхрйю;02_0304189
окхрйю;02_0304190
окхрйю;02_0304191
окхрйю;02_0304192
окхрйю;02_0304193
окхрйю;02_0304194
окхрйю;02_0304195
окхрйю;02_0304196
окхрйю;02_0304197
окхрйю;02_0304198
окхрйю;02_0304199
окхрйю;02_0304200
окхрйю;02_0304201
окхрйю;02_0304202
окхрйю;02_0304203
окхрйю;02_0304204
окхрйю;02_0304205
окхрйю;02_0304535
окхрйю;02_0304536
окхрйю;02_0304537
окхрйю;02_0304538
окхрйю;02_0304539
окхрйю;02_0304540
окхрйю;02_0304541
окхрйю;02_0304542
окхрйю;02_0304543
окхрйю;02_0304544
окхрйю;02_0304545
окхрйю;02_0304546
окхрйю;02_0304547
окхрйю;02_0304548
окхрйю;02_0304549
окхрйю;02_0304550
окхрйю;02_0304551
окхрйю;02_0304552
окхрйю;02_0304553
окхрйю;02_0304554
окхрйю;02_0304555
окхрйю;02_0304556
окхрйю;02_0304557
окхрйю;02_0304558
окхрйю;02_0304559
окхрйю;02_0304560
окхрйю;02_0304929
окхрйю;02_0304930
окхрйю;02_0304931
окхрйю;02_0304932
окхрйю;02_0304933
окхрйю;02_0304934
окхрйю;02_0304935
окхрйю;02_0304936
окхрйю;02_0304937
окхрйю;02_0304938
окхрйю;02_0304939
окхрйю;02_0304940
окхрйю;02_0304941
окхрйю;02_0304942
окхрйю;02_0304943
окхрйю;02_0304944
окхрйю;02_0304945
окхрйю;02_0304946
окхрйю;02_0304947
окхрйю;02_0304948
окхрйю;02_0304949
окхрйю;02_0304950
окхрйю;02_0304964
окхрйю;02_0304998
окхрйю;02_0304999
окхрйю;02_0305000
окхрйю;02_0305001
окхрйю;02_0305002
окхрйю;02_0305003
окхрйю;02_0305004
окхрйю;02_0305005
окхрйю;02_0305006
окхрйю;02_0305007
окхрйю;02_0305708
окхрйю;02_0305709
окхрйю;02_0305710
окхрйю;02_0305711
окхрйю;02_0305712
окхрйю;02_0305713
окхрйю;02_0305714
окхрйю;02_0305715
окхрйю;02_0305716
окхрйю;02_0305717
окхрйю;02_0305718
окхрйю;02_0305719
окхрйю;02_0305724
окхрйю;02_0305725
окхрйю;02_0305726
окхрйю;02_0306871
окхрйю;02_0306872
окхрйю;02_0306873
окхрйю;02_0306874
окхрйю;02_0306875
окхрйю;02_0307155
окхрйю;02_0307156
окхрйю;02_0307157
окхрйю;02_0307158
окхрйю;02_0307525
окхрйю;02_0307664
окхрйю;02_0307665
окхрйю;02_0307666
окхрйю;02_0307667
окхрйю;02_0307668
окхрйю;02_0307669
окхрйю;02_0307670
окхрйю;02_0307671
окхрйю;02_0307672
окхрйю;02_0307673
окхрйю;02_0307674
окхрйю;02_0307675
окхрйю;02_0307676
окхрйю;02_0307677
окхрйю;02_0307678
окхрйю;02_0307679
окхрйю;02_0307680
окхрйю;02_0307681
окхрйю;02_0307682
окхрйю;02_0307683
окхрйю;02_0307684
окхрйю;02_0307685
окхрйю;02_0307686
окхрйю;02_0307687
окхрйю;02_0307688
окхрйю;02_0307689
окхрйю;02_0307690
окхрйю;02_0307691
окхрйю;02_0307692
окхрйю;02_0307693
окхрйю;02_0308442
окхрйю;02_0308443
окхрйю;02_0308444
окхрйю;02_0309988
окхрйю;02_0309989
окхрйю;02_0309990
окхрйю;02_0309991
окхрйю;02_0309992
окхрйю;02_0309993
окхрйю;02_0309994
окхрйю;02_0309995
окхрйю;02_0309996
окхрйю;02_0309997
окхрйю;02_0309998
окхрйю;02_0309999
окхрйю;02_0310000
окхрйю;02_0310001
окхрйю;02_0310002
окхрйю;02_0310649
окхрйю;02_0310650
окхрйю;02_0310651
окхрйю;02_0310652
окхрйю;02_0310653
окхрйю;02_0310654
окхрйю;02_0310655
окхрйю;02_0310656
окхрйю;02_0310657
окхрйю;02_0310658
окхрйю;02_0310659
окхрйю;02_0310660
окхрйю;02_0310661
окхрйю;02_0310662
окхрйю;02_0310663
окхрйю;02_0310664
окхрйю;02_0310665
окхрйю;02_0310666
окхрйю;02_0310667
окхрйю;02_0310668
окхрйю;02_0310669
окхрйю;02_0310670
окхрйю;02_0310671
окхрйю;02_0310672
окхрйю;02_0310673
окхрйю;02_0310674
окхрйю;02_0310675
окхрйю;02_0310676
окхрйю;02_0310677
окхрйю;02_0310678
окхрйю;02_0310679
окхрйю;02_0310680
окхрйю;02_0310681
окхрйю;02_0310682
окхрйю;02_0310683
окхрйю;02_0310684
окхрйю;02_0310685
окхрйю;02_0310731
окхрйю;02_0311269
окхрйю;02_0311639
окхрйю;02_0311820
окхрйю;02_0311821
окхрйю;02_0311822
окхрйю;02_0311823
окхрйю;02_0312318
окхрйю;02_0312319
окхрйю;02_0312320
окхрйю;02_0312321
окхрйю;02_0312325
окхрйю;02_0312580
окхрйю;02_0312743
окхрйю;02_0312744
окхрйю;02_0312745
окхрйю;02_0312746
окхрйю;02_0312747
окхрйю;02_0312748
окхрйю;02_0312749
окхрйю;02_0312782
окхрйю;02_0312990
окхрйю;02_0312997
окхрйю;02_0313392
окхрйю;02_0313396
окхрйю;02_0313397
окхрйю;02_0313398
окхрйю;02_0313399
окхрйю;02_0313400
окхрйю;02_0313401
окхрйю;02_0313402
окхрйю;02_0313403
окхрйю;02_0313404
окхрйю;02_0313405
окхрйю;02_0313406
окхрйю;02_0313537
окхрйю;02_0313545
окхрйю;02_0313546
окхрйю;02_0313895
окхрйю;02_0313896
окхрйю;02_0314050
окхрйю;02_0314051
окхрйю;02_0314052
окхрйю;02_0314053
окхрйю;02_0314793
окхрйю;02_0314794
окхрйю;02_0314914
окхрйю;02_0314915
окхрйю;02_0314916
окхрйю;02_0314917
окхрйю;02_0314918
окхрйю;02_0314919
окхрйю;02_0314920
окхрйю;02_0314921
окхрйю;02_0314922
окхрйю;02_0315923
окхрйю;02_0315924
окхрйю;02_0315925
окхрйю;02_0315926
окхрйю;02_0315927
окхрйю;02_0315928
окхрйю;02_0315929
окхрйю;02_0315930
окхрйю;02_0315931
окхрйю;02_0315932
окхрйю;02_0315933
окхрйю;02_0315934
окхрйю;02_0315935
окхрйю;02_0315936
окхрйю;02_0315937
окхрйю;02_0315938
окхрйю;02_0315939
окхрйю;02_0316737
окхрйю;02_0316738
окхрйю;02_0317076
окхрйю;02_0317077
окхрйю;02_0317078
окхрйю;02_0317079
окхрйю;02_0317080
окхрйю;02_0317081
окхрйю;02_0317082
окхрйю;02_0317083
окхрйю;02_0317084
окхрйю;02_0317085
окхрйю;02_0317086
окхрйю;02_0317087
окхрйю;02_0317665
окхрйю;02_0317666
окхрйю;02_0317667
окхрйю;02_0317668
окхрйю;02_0317669
окхрйю;02_0317670
окхрйю;02_0317671
окхрйю;02_0317672
окхрйю;02_0317673
окхрйю;02_0317674
окхрйю;02_0317675
окхрйю;02_0317676
окхрйю;02_0317677
окхрйю;02_0317678
окхрйю;02_0317679
окхрйю;02_0317680
окхрйю;02_0317681
окхрйю;02_0317682
окхрйю;02_0317683
окхрйю;02_0317684
окхрйю;02_0317685
окхрйю;02_0317686
окхрйю;02_0317687
окхрйю;02_0317688
окхрйю;02_0317689
окхрйю;02_0317690
окхрйю;02_0317691
окхрйю;02_0317692
окхрйю;02_0319496
окхрйю;02_0319497
окхрйю;02_0319498
окхрйю;02_0320584
окхрйю;02_0320585
окхрйю;02_0320586
окхрйю;02_0320587
окхрйю;02_0320588
окхрйю;02_0320589
окхрйю;02_0320590
окхрйю;02_0320591
окхрйю;02_0320592
окхрйю;02_0320593
окхрйю;02_0320594
окхрйю;02_0320595
окхрйю;02_0320596
окхрйю;02_0320597
окхрйю;02_0320996
окхрйю;02_0320997
окхрйю;02_0320998
окхрйю;02_0320999
окхрйю;02_0321077
окхрйю;02_0321585
окхрйю;02_0321925
окхрйю;02_0321926
окхрйю;02_0321927
окхрйю;02_0321928
окхрйю;02_0321929
окхрйю;02_0321930
окхрйю;02_0321931
окхрйю;02_0321932
окхрйю;02_0321933
окхрйю;02_0321934
окхрйю;02_0321935
окхрйю;02_0321936
окхрйю;02_0321937
окхрйю;02_0321938
окхрйю;02_0321939
окхрйю;02_0321940
окхрйю;02_0321941
окхрйю;02_0325966
окхрйю;02_0325967
окхрйю;02_0325968
окхрйю;02_0325969
окхрйю;02_0325970
окхрйю;02_0325971
окхрйю;02_0325972
окхрйю;02_0325973
окхрйю;02_0325974
окхрйю;02_0325975
окхрйю;02_0327478
окхрйю;02_0327479
окхрйю;02_0327480
окхрйю;02_0327481
окхрйю;02_0327482
окхрйю;02_0327483
окхрйю;02_0327484
окхрйю;02_0327485
окхрйю;02_0327486
окхрйю;02_0327487
окхрйю;02_0327593
окхрйю;02_0331370
окхрйю;02_0331371
окхрйю;02_0331372
окхрйю;02_0331373
окхрйю;02_0331374
окхрйю;02_0331375
окхрйю;02_0331376
окхрйю;02_0331377
окхрйю;02_0331378
окхрйю;02_0331379
окхрйю;02_0331380
окхрйю;02_0331381
окхрйю;02_0331382
окхрйю;02_0331383
окхрйю;02_0331384
окхрйю;02_0331385
окхрйю;02_0331386
окхрйю;02_0331387
окхрйю;02_0331388
окхрйю;02_0331389
окхрйю;02_0331390
окхрйю;02_0331391
окхрйю;02_0331392
окхрйю;02_0331393
окхрйю;02_0331394
окхрйю;02_0331395
окхрйю;02_0331396
окхрйю;02_0331397
окхрйю;02_0331398
окхрйю;02_0331399
окхрйю;02_0331400
окхрйю;02_0331401
окхрйю;02_0331402
окхрйю;02_0331403
окхрйю;02_0331404
окхрйю;02_0331405
окхрйю;02_0331406
окхрйю;02_0331407
окхрйю;02_0331408
окхрйю;02_0331409
окхрйю;02_0331410
окхрйю;02_0331411
окхрйю;02_0331412
окхрйю;02_0331413
окхрйю;02_0331414
окхрйю;02_0331415
окхрйю;02_0331416
окхрйю;02_0331417
окхрйю;02_0331418
окхрйю;02_0331419
окхрйю;02_0331420
окхрйю;02_0331421
окхрйю;02_0331422
окхрйю;02_0331423
окхрйю;02_0331424
окхрйю;02_0331425
окхрйю;02_0331426
окхрйю;02_0331427
окхрйю;02_0331428
окхрйю;02_0331429
окхрйю;02_0331430
окхрйю;02_0331431
окхрйю;02_0331432
окхрйю;02_0331433
окхрйю;02_0331434
окхрйю;02_0331435
окхрйю;02_0331436
окхрйю;02_0331437
окхрйю;02_0331438
окхрйю;02_0331439
окхрйю;02_0331440
окхрйю;02_0331441
окхрйю;02_0331442
окхрйю;02_0331443
окхрйю;02_0331444
окхрйю;02_0331445
окхрйю;02_0331446
окхрйю;02_0331447
окхрйю;02_0331448
окхрйю;02_0331449
окхрйю;02_0331450
окхрйю;02_0331451
окхрйю;02_0331452
окхрйю;02_0331453
окхрйю;02_0331454
окхрйю;02_0331455
окхрйю;02_0331456
окхрйю;02_0331457
окхрйю;02_0331458
окхрйю;02_0331459
окхрйю;02_0331460
окхрйю;02_0331461
окхрйю;02_0331462
окхрйю;02_0331463
окхрйю;02_0331464
окхрйю;02_0331465
окхрйю;02_0331466
окхрйю;02_0331467
окхрйю;02_0331468
окхрйю;02_0331469
окхрйю;02_0331470
окхрйю;02_0331471
окхрйю;02_0331656
окхрйю;02_0331657
окхрйю;02_0331658
окхрйю;02_0331659
окхрйю;02_0331660
окхрйю;02_0331661
окхрйю;02_0331662
окхрйю;02_0331663
окхрйю;02_0331664
окхрйю;02_0331665
окхрйю;02_0331666
окхрйю;02_0331667
окхрйю;02_0331668
окхрйю;02_0331669
окхрйю;02_0331670
окхрйю;02_0331671
окхрйю;02_0331672
окхрйю;02_0331673
окхрйю;02_0331674
окхрйю;02_0331675
окхрйю;02_0331676
окхрйю;02_0331677
окхрйю;02_0331678
окхрйю;02_0331679
окхрйю;02_0331680
окхрйю;02_0331681
окхрйю;02_0331682
окхрйю;02_0331683
окхрйю;02_0331684
окхрйю;02_0331685
окхрйю;02_0331686
окхрйю;02_0331687
окхрйю;02_0331688
окхрйю;02_0331689
окхрйю;02_0331690
окхрйю;02_0331691
окхрйю;02_0331692
окхрйю;02_0331693
окхрйю;02_0331694
окхрйю;02_0338411
окхрйю;02_0338412
окхрйю;02_0338413
окхрйю;02_0340505
окхрйю;02_0345816
окхрйю;02_0345817
окхрйю;02_0349502
окхрйю;02_0350701
окхрйю;02_0350702
окхрйю;02_0350703
окхрйю;02_0350704
окхрйю;02_0350705
окхрйю;02_0350706
окхрйю;02_0350707
окхрйю;02_0350708
окхрйю;02_0350709
окхрйю;02_0350710
окхрйю;02_0350711
окхрйю;02_0350712
окхрйю;02_0350713
окхрйю;02_0350714
окхрйю;02_0350715
окхрйю;02_0350716
окхрйю;02_0350717
окхрйю;02_0350718
окхрйю;02_0350719
окхрйю;02_0350720
окхрйю;02_0350722
окхрйю;02_0350723
окхрйю;02_0350724
окхрйю;02_0350725
окхрйю;02_0350726
окхрйю;02_0350727
окхрйю;02_0350728
окхрйю;02_0350729
окхрйю;02_0350730
окхрйю;02_0350731
окхрйю;02_0350732
окхрйю;02_0350733
окхрйю;02_0350734
окхрйю;02_0350735
окхрйю;02_0350736
окхрйю;02_0350737
окхрйю;02_0350738
окхрйю;02_0350739
окхрйю;02_0350740
окхрйю;02_0350741
окхрйю;02_0350742
окхрйю;02_0350743
окхрйю;02_0350744
окхрйю;02_0350745
окхрйю;02_0350746
окхрйю;02_0351728
окхрйю;02_0351729
окхрйю;02_0351730
окхрйю;02_0364040
окхрйю;02_0364041
окхрйю;02_0364042
окхрйю;02_0364043
окхрйю;02_0364044
окхрйю;02_0364045
окхрйю;02_0364046
окхрйю;02_0364047
окхрйю;02_0364048
окхрйю;02_0364049
окхрйю;02_0364050
окхрйю;02_0364051
окхрйю;02_0364052
окхрйю;02_0364053
окхрйю;02_0364054
окхрйю;02_0364055
